,z0,z1,z2,z3,z4,z5,z6,z7,z8,z9,z10,z11,z12,z13,z14,z15,z16,z17,z18,z19,z20,z21,z22,z23,z24,z25,z26,z27,z28,z29,z30,z31,z32,z33,z34,z35,z36,z37,z38,z39,z40,z41,z42,z43,z44,z45,z46,z47,z48,z49,z50,z51,z52,z53,z54,z55,z56,z57,z58,z59,z60,z61,z62,z63,z64,z65,z66,z67,z68,z69,z70,z71,z72,z73,z74,z75,z76,z77,z78,z79,z80,z81,z82,z83,z84,z85,z86,z87,z88,z89,z90,z91,z92,z93,z94,z95,z96,z97,z98,z99,z100,z101,z102,z103,z104,z105,z106,z107,z108,z109,z110,z111,z112,z113,z114,z115,z116,z117,z118,z119,z120,z121,z122,z123,z124,z125,z126,z127,z128,z129,z130,z131,z132,z133,z134,z135,z136,z137,z138,z139,z140,z141,z142,z143,z144,z145,z146,z147,z148,z149,z150,z151,z152,z153,z154,z155,z156,z157,z158,z159,z160,z161,z162,z163,z164,z165,z166,z167,z168,z169,z170,z171,z172,z173,z174,z175,z176,z177,z178,z179,z180,z181,z182,z183,z184,z185,z186,z187,z188,z189,z190,z191,z192,z193,z194,z195,z196,z197,z198,z199
TCGA-2J-AAB1-01,0.0,0.13329862,0.0,0.0,0.046974733,0.009713755,0.0,0.042699188,0.14777206,0.13175714,0.035005838,0.10346051,0.0,0.046993263,0.0,0.0,0.0,0.006513076,0.0,0.0,0.021636104,0.08092556,0.012043616,0.08769983,0.0,0.26733994,0.0809312,0.04381973,0.10253085,0.011345619,0.0,0.0,0.0,0.07075549,0.0,0.0,0.1337911,0.1609236,0.033840645,0.0,0.0,0.0,0.17825933,0.0,0.0,0.012200317,0.0,0.05995243,0.03722839,0.06595378,0.0,0.0,0.029016156,0.074633785,0.0685869,0.0,0.034080092,0.187156,0.17125267,0.0,0.09924915,0.0,0.054372672,0.059531633,0.105489284,0.057660267,0.12017119,0.1269963,0.015568345,0.0,0.14626785,0.0,0.0,0.092131704,0.0,0.0,0.0,0.0,0.0,0.018876215,0.0,0.31183618,0.035822026,0.0,0.1325573,0.0,0.0,0.0,0.0,0.10571844,0.07050315,0.0,0.04170566,0.087983355,0.117539935,0.0,0.0,0.0,0.12091113,0.0,0.0,0.0,0.0,0.0,0.018301135,0.07589515,0.014521642,0.0,0.06381249,0.0,0.0,0.0223812,0.0,0.035807796,0.0,0.0,0.0,0.0,0.0,0.0026524458,0.0,0.0,0.0,0.10335318,0.10037954,0.0,0.08653752,0.0,0.1270342,0.13212016,0.0,0.0,0.034917068,0.022734307,0.0,0.0,0.0,0.0,0.0,0.0,0.0,0.19051525,0.0,0.011187161,0.025224628,0.3049316,0.0,0.0,0.0,0.04051597,0.0,0.0,0.0,0.0,0.008056542,0.017858759,0.060228918,0.0,0.09423751,0.042418923,0.0,0.0,0.017487025,0.0,0.0,0.123078845,0.0,0.0,0.0,0.052043002,0.0,0.0,0.11899546,0.0,0.13545184,0.0,0.004275367,0.0,0.0,0.0,0.22312203,0.0,0.03538123,0.036916077,0.0,0.0,0.031549025,0.10677259,0.0,0.10078599,0.009026368,0.0,0.06320085,0.03172442,0.0016323179,0.0,0.17412417,0.06757117,0.0,0.041453954
TCGA-2J-AAB4-01,0.0,0.0,0.0,0.0,0.0,0.025329258,0.0,0.0012738206,0.047308628,0.0,0.0,0.0,0.012078929,0.15504146,0.03599921,0.0,0.0,0.22886662,0.0,0.0,0.08230455,0.0,0.08294295,0.054588642,0.02682307,0.06336088,0.0,0.10147795,0.07689543,0.045596723,0.0,0.0,0.0,0.07751617,0.0,0.0,0.031312,0.0,0.06976201,0.0,0.04053781,0.0,0.100200295,0.10675587,0.15170698,0.0,0.0,0.11797334,0.077506416,0.15461813,0.07633797,0.0,0.009576982,0.0021147185,0.08278939,0.0,0.012040877,0.0,0.110383116,0.044723753,0.0013693091,0.0,0.06916372,0.0,0.23506306,0.0,0.0,0.17097385,0.0,0.0,0.0,0.0,0.0,0.1066755,0.0,0.0,0.0,0.0,0.0,0.0,0.0,0.06916134,0.021000454,0.04912928,0.0,0.0,0.0,0.0,0.17365424,0.0,0.060655095,0.0,0.0,0.2558651,0.061202906,0.0,0.08140064,0.0,0.29234555,0.0,0.01436766,0.0077492883,0.0,0.0,0.0,0.0,0.09074497,0.0,0.039489597,0.0,0.022397203,0.0,0.10163146,0.0,0.13681962,0.06702658,0.00041474786,0.0,0.0,0.0,0.07436617,0.0,0.0,0.025145875,0.0,0.0,0.0,0.0,0.1939822,0.0,0.09587276,0.0,0.045765497,0.0,0.0,0.07541064,0.015297486,0.0,0.0,0.0,0.0,0.13391049,0.07736102,0.0,0.0,0.23376776,0.0,0.0,0.0,0.11961432,0.09483504,0.19880763,0.07903212,0.19171,0.0,0.009186006,0.065803744,0.021730043,0.0,0.07063077,0.028276674,0.0,0.0,0.04994476,0.0,0.0,0.016054729,0.008811711,0.0,0.04739115,0.12714581,0.0,0.07871492,0.0,0.04872277,0.0,0.0,0.0,0.0,0.019372562,0.12224396,0.0,0.0,0.016543083,0.030027768,0.0,0.06938622,0.0330028,0.0,0.02251938,0.09509171,0.0,0.0,0.07219857,0.06978922,0.19707993,0.18673983,0.03951737,0.0,0.0
TCGA-2J-AAB6-01,0.0,0.13963377,0.0,0.0,0.0,0.0,0.0,0.15921292,0.078221895,0.0,0.0,0.16777088,0.0,0.0,0.0,0.0,0.0,0.0960454,0.0,0.0,0.0,0.045122307,0.0,0.0,0.0,0.013982015,0.0,0.021796096,0.0,0.08749626,0.042105988,0.0,0.0,0.04667681,0.0,0.02516935,0.018329013,0.0,0.21140781,0.0,0.0,0.0,0.0,0.0,0.0505821,0.1663088,0.0,0.073997475,0.035421185,0.0,0.0,0.0,0.075641036,0.11169686,0.10614042,0.0,0.0,0.002798722,0.0014194637,0.05530329,0.14106435,0.0,0.0931287,0.023067402,0.19784072,0.0,0.23258181,0.04475403,0.029569555,0.0,0.0,0.0,0.0,0.07376884,0.0,0.0,0.0,0.0,0.016500821,0.0,0.0,0.014297886,0.16763286,0.0,0.17443639,0.0,0.0,0.05940151,0.2079307,0.043526467,0.13499089,0.0,0.0,0.06030261,0.06274615,0.07948295,0.0,0.0,0.10285911,0.0,0.0,0.0,0.0,0.0,0.0,0.0,0.0,0.020497682,0.059366215,0.0,0.0,0.0,0.07343083,0.0,0.0,0.117345504,0.15559554,0.0,0.0,0.0,0.018357037,0.0,0.13741998,0.0,0.0,0.0,0.06927865,0.0071718604,0.1218067,0.09045298,0.012306095,0.02522974,0.1640442,0.13959412,0.0,0.0,0.0,0.0,0.0,0.0,0.0,0.0,0.011480771,0.038430437,0.0,0.24444816,0.0,0.0,0.0,0.0,0.023616254,0.0,0.0,0.018435352,0.079312004,0.0,0.01644405,0.1674867,0.0,0.025591075,0.03180047,0.0,0.0038664346,0.08069851,0.0,0.0,0.0,0.0015827809,0.0,0.058223516,0.02710343,0.0,0.24030322,0.012698516,0.0336528,0.0,0.0,0.18847218,0.018418785,0.0,0.22005324,0.0,0.0,0.097599186,0.0,0.07675217,0.011233262,0.10695607,0.09940131,0.0,0.0,0.0,0.0,0.0,0.0,0.06214987,0.25703266,0.017020302,0.0,0.0
TCGA-2J-AAB8-01,0.0,0.0,0.0,0.0,0.01975682,0.044898704,0.0,0.116156474,0.06262891,0.14930943,0.04983105,0.073770896,0.0,0.0,0.0,0.0,0.056288492,0.09605413,0.0,0.03747411,0.0,0.0,0.0,0.0,0.0,0.107299626,0.0,0.011598754,0.0021683185,0.26250452,0.20914046,0.0,0.0,0.09846337,0.0,0.043460604,0.28238076,0.0,0.057488695,0.0,0.011200027,0.0,0.09036864,0.0,0.0,0.14767036,0.0,0.0,0.098470435,0.20797227,0.07086342,0.0048322217,0.0,0.0,0.1075596,0.0,0.19812872,0.027667789,0.046548076,0.08663908,0.029136177,0.0,0.06389461,0.0,0.0,0.0,0.09624009,0.07646423,0.0062765833,0.0,0.08461012,0.0,0.0,0.120937996,0.0,0.0,0.0,0.0,0.0,0.0,0.0,0.0,0.059732415,0.0007518206,0.0,0.0,0.018709017,0.0,0.033206247,0.0,0.15017736,0.0,0.14592601,0.054909293,0.0,0.0,0.0,0.0,0.16761017,0.0,0.0,0.0,0.0,0.0,0.092523314,0.0,0.18710266,0.0,0.0,0.0,0.0,0.023332462,0.0,0.0,0.011250269,0.0594687,0.002037806,0.0,0.0,0.09404163,0.01843827,0.037167363,0.0,0.0,0.0,0.0,0.057982232,0.0,0.029987913,0.15936248,0.008238652,0.0,0.020280357,0.04859293,0.0,0.009811988,0.0,0.0,0.0,0.0,0.0,0.0496648,0.0,0.06561558,0.0,0.30821612,0.09574198,0.0,0.0,0.0,0.0,0.0,0.12780982,0.16063786,0.07497081,0.0,0.054482616,0.0,0.0,0.0,0.0,0.0,0.0,0.07244854,0.0,0.0605079,0.10764864,0.0,0.0,0.18553708,0.0,0.0,0.0,0.0,0.07507148,0.0,0.04822038,0.015002816,0.24460037,0.0,0.08318519,0.0,0.057090364,0.08845819,0.0,0.0,0.055900563,0.0,0.0,0.09017874,0.03169756,0.0,0.0036511559,0.0,0.041471936,0.004765929,0.19458668,0.0,0.0,0.0246803
TCGA-2J-AAB9-01,0.0,0.062010013,0.0,0.0,0.13961749,0.07562165,0.0012623367,0.00852356,0.0,0.06925019,0.0,0.018404972,0.0,0.0,0.0,0.013868899,0.0,0.09405233,0.041603953,0.0,0.0,0.06785418,0.10485691,0.0,0.08921368,0.26412562,0.11579043,0.017100602,0.17020051,0.022419024,0.10853185,0.04314639,0.0,0.078381814,0.0,0.023105957,0.06289607,0.020746429,0.20831949,0.017203419,0.0,0.0,0.24784273,0.058203086,0.0,0.12025153,0.0,0.13639282,0.17408618,0.12703298,0.0,0.0,0.015546198,0.1446929,0.23369315,0.0,0.0,0.06942677,0.07808862,0.0,0.056169182,0.0,0.03295379,0.13542897,0.02411045,0.0,0.0,0.034533467,0.0,0.0,0.0,0.0,0.13264783,0.086394906,0.0,0.0,0.0,0.0,0.0,0.0,0.0,0.10351049,0.0,0.0,0.0484285,0.0,0.008966956,0.0,0.07150361,0.0140484385,0.0,0.0,0.08977651,0.095569514,0.061621808,0.055804916,0.10020669,0.0,0.039516505,0.0,0.0,0.0,0.0,0.056827024,0.02281477,0.054362994,0.0,0.0,0.006597812,0.016780501,0.0,0.0,0.0,0.18687585,0.0,0.060740866,0.0,0.0,0.0,0.11454035,0.0,0.0,0.0,0.0,0.07991081,0.0,0.0,0.0,0.16189595,0.026181674,0.0,0.072604366,0.0,0.0,0.002871725,0.0,0.002471611,0.08884421,0.0,0.0007753977,0.0,0.04388528,0.022751402,0.0,0.0,0.2140549,0.0,0.0,0.0,0.0,0.09501032,0.03430135,0.053221937,0.049820032,0.16531064,0.0,0.14818282,0.0,0.10876491,0.0043679494,0.019922271,0.0,0.0,0.0,0.0,0.078889,0.09032625,0.0,0.055172805,0.083676584,0.0,0.067944,0.043534823,0.0,0.0,0.0,0.0,0.101982474,0.0,0.0,0.23623152,0.0,0.08047054,0.0,0.0,0.0,0.07520206,0.18378502,0.0,0.041796394,0.010451356,0.0,0.009103185,0.03315063,0.0,0.14490485,0.0,0.0,0.0,0.13360475
TCGA-2J-AABA-01,0.00064006104,0.0,0.0,0.0,0.0,0.011810955,0.0,0.0,0.0,0.011797432,0.024664776,0.0,0.0,0.0,0.0,0.028538333,0.0,0.23369494,0.0,0.0,0.013437536,0.0,0.018544672,0.02569922,0.021284487,0.2034065,0.0,0.0,0.0,0.07273645,0.06645295,0.0011616854,0.0,0.047771677,0.0,0.0,0.021483917,0.02138695,0.07995242,0.0,0.0,0.0,0.19504938,0.0,0.09555951,0.042883232,0.0,0.12667121,0.08174886,0.048825584,0.0211173,0.0,0.0,0.038417947,0.10663782,0.0,0.0,0.117285706,0.01168601,0.0046579316,0.119152725,0.0,0.0,0.0,0.014420752,0.0,0.0,0.10704617,0.0,0.059965033,0.019221583,0.0,0.0,0.17681228,0.0,0.0,0.0,0.0,0.0,0.0,0.06051519,0.028150871,0.0,0.0,0.0042770235,0.0,0.035516743,0.0,0.09365448,0.0,0.0,0.0,0.0,0.026374303,0.08576925,0.016489848,0.10091417,0.0,0.1717145,0.0,0.047362007,0.0,0.0,0.0,0.0,0.10480473,0.044478692,0.0,0.04930157,0.0,0.0,0.0,0.0,0.0687808,0.010583963,0.0,0.05712686,0.0,0.08180797,0.14526017,0.0,0.21607439,0.0,0.0,0.0,0.0,0.0,0.0,0.024167169,0.19938466,0.0,0.0,0.0,0.0,0.0,0.0,0.070505165,0.0,0.09095613,0.0,0.09990372,0.03294441,0.02897857,0.0,0.0,0.13141115,0.09096761,0.0,0.0,0.15300556,0.03626876,0.12259788,0.06029992,0.0,0.08931055,0.0,0.07370909,0.0,0.0,0.0,0.17662527,0.0,0.0,0.0,0.0,0.10813075,0.0,0.0638622,0.005566579,0.036886867,0.033952907,0.0,0.13965386,0.0,0.03304282,0.0,0.010181524,0.0,0.0,0.00878141,0.34845817,0.0,0.024782034,0.0,0.0015257769,0.0,0.22210601,0.18341282,0.0174552,0.105446786,0.05493722,0.0,0.0,0.09480322,0.061605085,0.14696744,0.20031536,0.041714832,0.0,0.20591016
TCGA-2J-AABE-01,0.077322446,0.007279443,0.0,0.0,0.043488197,0.0039367485,0.0,0.0,0.14660414,0.15849397,0.0,0.11831121,0.029544443,0.0,0.0,0.014643488,0.0,0.037573818,0.0,0.0,0.0,0.00840866,0.017629942,0.0,0.0,0.047686506,0.0,0.09541578,0.08427538,0.25318775,0.122350544,0.042988133,0.0,0.01575886,0.0,0.08814037,0.010022082,0.017726868,0.043480057,0.0,0.0,0.0,0.18362646,0.05733782,0.0,0.0059492406,0.0,0.047679167,0.065897584,0.019501531,0.037750244,0.0,0.027956033,0.040044393,0.1267549,0.0,0.03968614,0.1086497,0.104365595,0.0,0.06922271,0.0,0.0055275676,0.0,0.10165209,0.0,0.0012761143,0.062272597,0.0,0.0,0.0,0.0,0.0,0.11630136,0.0,0.027553435,0.0,0.0,0.0,0.0,0.0,0.1038926,0.089648105,0.0,0.017207032,0.0,0.0,0.0,0.19730927,0.14898103,0.053923644,0.0,0.051528633,0.23402408,0.13036591,0.0,0.0,0.0,0.2258586,0.03592452,0.04412001,0.0,0.0,0.10472128,0.05181555,0.0,0.006619117,0.0,0.093266584,0.0,0.0,0.0,0.0,0.14902583,0.0,0.086956754,0.0,0.0,0.0,0.022551943,0.0,0.0,0.0,0.0,0.0,0.0,0.023700485,0.0,0.15050955,0.038552098,0.0,0.051081926,0.0,0.0,0.0,0.0,0.044600587,0.0,0.0,0.0,0.0,0.087059654,0.084627405,0.10644045,0.043769695,0.11783767,0.043680318,0.0,0.09177945,0.0,0.06468321,0.16601202,0.16359377,0.0,0.09101903,0.0,0.07978229,0.005953673,0.17075127,0.02187374,0.08574774,0.0,0.0,0.0,0.0,0.0,0.0,0.0,0.0,0.18679972,0.0,0.0,0.018894326,0.0,0.016110135,0.0,0.0,0.03552756,0.1878518,0.0,0.123264335,0.0,0.22074726,0.0,0.0,0.0,0.16887975,0.2001184,0.064449616,0.084449716,0.008467919,0.0,0.024893368,0.016983984,0.0,0.0,0.1315672,0.06873535,0.0,0.04799998
TCGA-2J-AABF-01,0.0,0.0,0.0,0.0,0.028416708,0.0,0.0,0.05197861,0.0,0.007524121,0.0,0.0,0.0,0.08730501,0.0,0.0,0.07588562,0.0019977477,0.0,0.0,0.0,0.0,0.14008331,0.0,0.0,0.12673262,0.006566184,0.0,0.0,0.025538195,0.0,0.0019066246,0.0,0.06924661,0.0,0.0,0.21661188,0.06835169,0.11960397,0.0,0.0,0.03241409,0.37724784,0.0,0.011332835,0.097500436,0.0,0.096429855,0.0,0.024005398,0.0,0.0,0.013525384,0.06374866,0.13513288,0.0,0.0,0.055320885,0.09918058,0.03149916,0.0,0.0,0.08322141,0.00783707,0.18698551,0.016726185,0.09000847,0.059743777,0.0,0.11866549,0.0,0.0,0.0,0.012093577,0.0,0.1025409,0.009530672,0.0,0.0,0.04840334,0.0,0.07564682,0.030469436,0.0,0.025552845,0.0,0.0,0.0,0.0,0.00607684,0.0,0.0,0.107325025,0.0,0.111217745,0.003053353,0.0,0.0,0.12650456,0.0,0.024926279,0.073887594,0.08164874,0.0,0.0,0.10134412,0.0,0.0,0.009458954,0.0,0.0,0.10536438,0.0,0.16087809,0.049703296,0.00691963,0.0,0.0,0.0,0.08391743,0.067105286,0.0,0.0,0.0,0.05099236,0.0,0.26038373,0.0,0.10881942,0.020992791,0.0,0.0,0.11836612,0.018064829,0.0,0.0,0.0,0.0,0.0,0.0,0.0,0.062671065,0.0,0.10929698,0.0,0.29354593,0.06291742,0.0,0.0,0.0,0.09693864,0.0075169173,0.109215714,0.0,0.0,0.0,0.12585437,0.13040228,0.052368384,0.0,0.0718788,0.0,0.0,0.0,0.0,0.0,0.0,0.0,0.0,0.0,0.0,0.0,0.113405965,0.0,0.12053949,0.0,0.0,0.17311653,0.0,0.12823562,0.28310472,0.0,0.11056565,0.022099085,0.0,0.0,0.108094245,0.03852475,0.13016239,0.0,0.0,0.0,0.0,0.07192237,0.0,0.066326015,0.046139196,0.0,0.0,0.024366898
TCGA-2J-AABH-01,0.0,0.122604825,0.0,0.0,0.0,0.13456969,0.0,0.0,0.12999009,0.0,0.0,0.0,0.04999599,0.028322913,0.033223405,0.0,0.0,0.02978988,0.0026671996,0.0,0.0,0.0,0.090912946,0.0,0.0,0.21829928,0.0094661545,0.043403126,0.124864265,0.0,0.09300036,0.0,0.0,0.01706326,0.027481206,0.13048498,0.072652645,0.0,0.021690423,0.0,0.15506177,0.0,0.0,0.0,0.0,0.0,0.0,0.0,0.014889374,0.034974977,0.12385204,0.0,0.0,0.064787015,0.1579813,0.0,0.16347796,0.06741045,0.0,0.045846153,0.0968298,0.0,0.030801507,0.0,0.10200982,0.0,0.0,0.1653781,0.0,0.0,0.08148724,0.0,0.0,0.050609455,0.018460583,0.16335803,0.0,0.0,0.0,0.0,0.0,0.13436566,0.14935015,0.0,0.0074211652,0.0,0.012412827,0.0,0.13444147,0.0,0.0,0.05160579,0.05662793,0.16851768,0.0,0.0,0.0,0.0,0.14309624,0.0,0.0,0.009844987,0.0,0.0,0.035543263,0.0,0.00048945524,0.0,0.18208776,0.0,0.06353462,0.090183176,0.0,0.0,0.0,0.0,0.0,0.0,0.0,0.0,0.0,0.0,0.0,0.0,0.04108663,0.0,0.07839639,0.0,0.048526794,0.07312358,0.0,0.0,0.18735944,0.0,0.0,0.0,0.09442669,0.0,0.060562048,0.0,0.0,0.07825936,0.019557768,0.0,0.0,0.18307054,0.010767377,0.0,0.0,0.0,0.13829741,0.23372306,0.122684315,0.080530606,0.0,0.0,0.028228939,0.051862232,0.0,0.0,0.0,0.004346283,0.031169819,0.017729843,0.0,0.109658085,0.0,0.0,0.0,0.19325642,0.0,0.036004443,0.051121596,0.0,0.03933532,0.014496427,0.0,0.24082817,0.0,0.13651697,0.19818285,0.063510604,0.0,0.23863758,0.0,0.050705813,0.018522397,0.044365928,0.0,0.03400794,0.08644437,0.0,0.09899808,0.06540797,0.10127864,0.029896341,0.12981546,0.0,0.0,0.0
TCGA-2J-AABI-01,0.058553584,0.028354019,0.0,0.0,0.041988738,0.0,0.0,0.0,0.014183954,0.030789426,0.0002708501,0.040769402,0.0,0.0,0.0,0.0,0.0,0.032429427,0.06540057,0.0,0.0,0.056264535,0.0,0.0006855251,0.15402934,0.2504822,0.16131668,0.06744956,0.0,0.1767958,0.0,0.07290559,0.0,0.12938279,0.07418733,0.0,0.025873968,0.0,0.17967959,0.0,0.0,0.0,0.08065477,0.0,0.016310053,0.15038013,0.0,0.008178556,0.1340929,0.1459613,0.029102454,0.0,0.044089995,0.13340756,0.068926744,0.0,0.07540575,0.090175815,0.13830943,0.0,0.049870163,0.0,0.021615062,0.030536829,0.13185062,0.0,0.09203358,0.12708573,0.0,0.06584,0.0,0.0,0.049905784,0.0,0.0,0.0,0.030687593,0.0,0.0,0.0,0.0,0.14350589,0.0,0.0,0.16109131,0.0,0.0,0.0,0.18637523,0.0,0.05732085,0.0,0.0,0.06491397,0.15519597,0.0,0.0,0.100659005,0.08922176,0.022177216,0.0,0.0,0.05034821,0.0,0.057401627,0.02807718,0.0,0.0,0.02354952,0.0,0.0,0.0,0.01135784,0.21108851,0.0,0.039113905,0.009442839,0.0,0.092436194,0.01870472,0.0,0.0,0.0,0.0,0.0,0.0,0.09128464,0.0,0.08817054,0.0,0.0,0.0,0.0,0.031148974,0.0,0.0,0.0,0.16509698,0.0,0.0,0.0,0.108539544,0.03613546,0.0,0.0,0.1335145,0.0,0.0,0.113343015,0.0,0.012894241,0.0,0.08780796,0.0,0.120297626,0.044651173,0.17954683,0.0935327,0.10917261,0.021372017,0.035778508,0.0,0.0,0.01452208,0.0,0.0,0.037252996,0.0,0.007532407,0.11530359,0.0,0.079389855,0.030277375,0.0,0.15623443,0.0,0.0,0.042970967,0.0035052185,0.00353819,0.26651606,0.0,0.09456808,0.030333273,0.0,0.020763326,0.16977282,0.07281337,0.0,0.12387715,0.0,0.0,0.13135017,0.0023029263,0.008369339,0.022712355,0.009337393,0.057137147,0.0,0.17850521
TCGA-2J-AABK-01,0.049558263,0.0,0.0,0.0,0.2542179,0.0,0.0,0.0,0.16278563,0.10492643,0.009786146,0.016840607,0.0,0.0,0.0,0.0,0.0,0.08925674,0.06444068,0.0,0.0014553919,0.05048009,0.0,0.0842967,0.062492378,0.30555585,0.103330135,0.0,0.0,0.08816375,0.0067979046,0.0,0.0,0.11352408,0.0,0.07953656,0.18165135,0.0,0.24251841,0.0,0.0,0.0,0.022046098,0.0,0.00052168535,0.0,0.0,0.16192387,0.051008023,0.07257819,0.0,0.0,0.04865325,0.0,0.13329585,0.0,0.03345473,0.07675487,0.13727,0.0,0.16894259,0.0,0.11852225,0.06628141,0.13849947,0.0,0.0,0.085261494,0.0093251495,0.0,0.048301607,0.0,0.0,0.024151243,0.07175229,0.049527727,0.0,0.0,0.0,0.0,0.0,0.13463236,0.024788542,0.0,0.024375543,0.0,0.0,0.0,0.12496475,0.074257486,0.0,0.0,0.0014266619,0.21800208,0.13166504,0.0,0.07577675,0.0,0.07884039,0.0,0.0,0.03485921,0.0,0.00012823082,0.0,0.012701101,0.15462875,0.0,0.025813036,0.0,0.0,0.12849163,0.0,0.012044261,0.0,0.0,0.0,0.0,0.13406691,0.0,0.0,0.015752854,0.0,0.0,0.008672416,0.0,0.032096703,0.0,0.086977296,0.087600835,0.0,0.0,0.0,0.20232487,0.0,0.0,0.0,0.0,0.0,0.010935723,0.0,0.121332526,0.0,0.0,0.0,0.048842154,0.02906008,0.0,0.07726611,0.0,0.0,0.07004657,0.0,0.0,0.0,0.015464193,0.085970044,0.027034184,0.0,0.09984907,0.0,0.0,0.0,0.0,0.0,0.0,0.0,0.0,0.02060675,0.09198965,0.070491225,0.0,0.011790425,0.0,0.034935936,0.0,0.0,0.0,0.045252915,0.07223862,0.15675138,0.0,0.0,0.0,0.029692905,0.0,0.119399056,0.102152176,0.15947466,0.0,0.0,0.0,0.018512297,0.00656014,0.002079454,0.12263016,0.20707716,0.20692718,0.0,0.0
TCGA-2J-AABO-01,0.0,0.076741934,0.0,0.0,0.0,0.0,0.0,0.0,0.105345555,0.030602174,0.0,0.16267818,0.0,0.0,0.0,0.0,0.057972208,0.15293117,0.0,0.0,0.044249114,0.0,0.0,0.1181502,0.0,0.24500054,0.06521913,0.031550035,0.16435486,0.0238714,0.008510029,0.10345006,0.0,0.08231953,0.08154539,0.09082851,0.16244636,0.08894689,0.038934965,0.0,0.0,0.0,0.05228751,0.0,0.0,0.0,0.0,0.045231055,0.08313056,0.087994725,0.0,0.11706931,0.09967313,0.10996355,0.0044726958,0.016155573,0.10745533,0.13822865,0.2079513,0.0,0.06613819,0.0,0.14639327,0.0,0.15472181,0.0,0.0028502215,0.07088908,0.0,0.0,0.0,0.0,0.0,0.0,0.0,0.031507727,0.0,0.047685962,0.0,0.0,0.0,0.06011554,3.134077e-05,0.0,0.0,0.0,0.0,0.051939946,0.13271806,0.15484735,0.0,0.0,0.0,0.10971128,0.0,0.0,0.0,0.0,0.3133657,0.0,0.03258529,0.0,0.0,0.0,0.10076146,0.0,0.023511715,0.0,0.16362874,0.0,0.0,0.0,0.0,0.0043164087,0.0,0.038354397,0.0,0.0,0.0,0.12056967,0.0,0.01729834,0.0,0.0,0.0,0.0,0.008785999,0.0,0.0,0.13996357,0.0,0.071168005,0.0,0.0,0.0,0.0,0.0,0.0020856312,0.0,0.0,0.0,0.1188992,0.0156822,0.0,0.0,0.1381059,0.091063,0.0,0.01628558,0.0069354586,0.0,0.04644885,0.088769406,0.0,0.0068152132,0.0,0.13527974,0.0,0.09059443,0.059105407,0.0,0.0,0.0,0.061393216,0.0,0.11796808,0.0,0.018976556,0.0,0.12042721,0.027907971,0.0,0.19166394,0.0,0.0,0.0,0.009058773,0.06775888,0.059902377,0.0,0.10957747,0.0,0.13875574,0.016653275,0.0,0.0,0.0,0.12648389,0.15783554,0.0,0.06112094,0.0,0.014926588,0.02346831,0.07896285,0.20105115,0.19879812,0.021338344,0.0,0.05129699
TCGA-2J-AABP-01,0.0,0.07218428,0.0,0.0,0.0,0.0,0.0,0.07420289,0.12431704,0.0,0.0,0.0,0.0,0.0,0.039874855,0.02356971,0.13211499,0.06904095,0.0,0.0,0.0,0.0,0.0,0.0,0.0,0.15788513,0.0,0.0,0.0,0.060439534,0.0,0.025231581,0.0,0.0,0.0,0.0,0.0,0.0,0.0338329,0.0,0.0,0.0,0.22862148,0.0,0.0,0.12772574,0.0,0.007903668,0.057458524,0.026988897,0.14264606,0.0,0.0,0.055106666,0.0907418,0.0,0.0923765,0.029090831,0.04693214,0.0,0.0,0.0,0.0,0.030309716,0.004362948,0.1218873,0.0,0.0,0.0,0.0,0.0,0.0,0.0,0.23074797,0.0,0.0,0.0,0.0,0.0,0.0,0.0,0.10731125,0.08772265,0.16924277,0.05259541,0.026861597,0.03846954,0.044565767,0.1794239,0.0029771538,0.0,0.0,0.1341231,0.20428534,0.1311048,0.0,0.0,0.0,0.10517744,0.0,0.0,0.0,0.0,0.0,0.0,0.08391829,0.041915588,0.0,0.23491758,0.0,0.0,0.0,0.0,0.0,0.028648915,0.0,0.00055067363,0.0,0.0,0.14449011,0.0,0.0,0.0,0.0,0.0,0.0,0.0,0.0,0.12618588,0.0,0.0,0.0,0.16560432,0.013193944,0.0,0.0,0.019417189,0.0,0.0,0.0,0.0,0.025876906,0.0,0.0,0.0,0.06362078,0.0,0.0,0.07166649,0.0,0.028130261,0.0,0.07263283,0.18298253,0.002445221,0.16291362,0.18353863,0.18907627,0.22059746,0.03751067,0.06552455,0.0,0.0,0.0626901,0.0,0.0,0.031153504,0.043919932,0.0,0.0,0.0,0.0,0.2217596,0.0,0.1567998,0.0,0.0,0.15719253,0.073962614,0.04583038,0.21711285,0.0,0.0,0.0,0.0,0.0,0.07362201,0.0052395603,0.06580666,0.031090645,0.0,0.0,0.20709394,0.0,0.0,0.08772777,0.061487336,0.0,0.0,0.06892736
TCGA-2J-AABR-01,0.0630579,0.11124248,0.0,0.0,0.1128977,0.032171898,0.029259577,0.0,0.0,0.03618641,0.0,0.0,0.027758572,0.0,0.0,0.08991148,0.0,0.1286182,0.0,0.0,0.12475254,0.12681937,0.14341381,0.0,0.084017105,0.21351555,0.15276517,0.0,0.0,0.036383692,0.01124251,0.012803253,0.0,0.03978428,0.0,0.09499002,0.032250628,0.010389247,0.16657832,0.0,0.0,0.0,0.29398108,0.0,0.0519266,0.046822716,0.0,0.105047055,0.08610831,0.20028982,0.16761622,0.057975106,0.24299036,0.041190255,0.061910655,0.0,0.0,0.087165736,0.17607488,0.0,0.0,0.0,0.034738053,0.09310577,0.0,0.0,0.0,0.12883985,0.0,0.0,0.0,0.0,0.018755767,0.052519035,0.0,0.031125296,0.0,0.0,0.0,0.0,0.0,0.1300187,0.0,0.0,0.0,0.012664927,0.056885,0.0,0.07913942,0.023096593,0.014949033,0.0,0.081285514,0.08286452,0.0,0.06479821,0.04328351,0.0,0.15392333,0.0,0.020142736,0.0,0.0,0.0,0.022905897,0.013094253,0.0,0.0,0.024707584,0.0,0.0,0.07249534,0.0,0.27454123,0.0,0.0,0.0,0.0,0.032855462,0.14397016,0.0,0.0,0.0,0.0,0.105750315,0.0,0.0,0.0,0.111301996,0.018204274,0.0,0.0,0.0,0.0576961,0.0,0.0,0.0,0.040572297,0.078795545,0.0,0.0,0.12896204,0.022882275,0.0,0.0,0.108793855,0.0,0.0,0.0,0.0070022577,0.020382006,0.06043962,0.0,0.02229159,0.0,0.0,0.08480913,0.0,0.06687267,0.0,0.014825854,0.0,0.0,0.0,0.0,0.0,0.0,0.0,0.0,0.1409264,0.0,0.08635417,0.14638129,0.0,0.0,0.015180598,0.0,0.0,0.0,0.036702003,0.23411737,0.0,0.08680638,0.0,0.0,0.005744726,0.07239359,0.19180143,0.0,0.046958346,0.0,0.0,0.048910417,0.04774627,0.0,0.1321709,0.055128302,0.0,0.0,0.14327435
TCGA-2J-AABT-01,0.040609274,0.0,0.0,0.0,0.0,0.11119902,0.017009357,0.0,0.053634983,0.0,0.0,0.0,0.084703915,0.0,0.0,0.21005324,0.13428357,0.096997485,0.05104511,0.0,0.00036140435,0.0,0.0,0.0063965335,0.049345683,0.21293618,0.09106312,0.0,0.0,0.0,0.0583567,0.0,0.0,0.17329422,0.053972155,0.17985894,0.075828485,0.0,0.2212652,0.0,0.08238321,0.1035865,0.12095905,0.0,0.14432813,0.021088092,0.0,0.044796858,0.15487033,0.0,0.009414544,0.08529825,0.005541859,0.0,0.0,0.0,0.0,0.21418639,0.0,0.0,0.18881832,0.0,0.0255971,0.14415084,0.05748174,0.0,0.070622735,0.066504724,0.00456797,0.037419364,0.10108828,0.0,0.0,0.0,0.079525836,0.0,0.0,0.0,0.0,0.018376421,0.0,0.0,0.16613673,0.0,0.029975848,0.0,0.0,0.0,0.14880005,0.01110965,0.04891361,0.01859909,0.00033881518,0.108639166,0.109639786,0.14515705,0.0,0.0,0.19820823,0.0,0.0,0.0,0.19389513,0.0,0.0,0.015306223,0.08530802,0.0,0.0,0.0,0.0,0.0007821473,0.0,0.037076894,0.0,0.105975784,0.0,0.0,0.00830933,0.0,0.0118198665,0.0,0.0,0.0,0.0,0.0,0.004210754,0.0,0.090223536,0.039813597,0.0,0.010697314,0.23474024,0.0,0.0,0.0,0.0,0.0,0.0,0.0,0.021262571,0.07119728,0.074054256,0.0,0.0,0.14826813,0.0,0.0,0.0,0.0,0.016817028,0.11040687,0.024216216,0.0,0.0045697545,0.05125233,0.0,0.011108892,0.13338988,0.12274835,0.05717807,0.0,0.0,0.0,0.0,0.0,0.053160004,0.0,0.0,0.0,0.0,0.0,0.0,0.015986174,0.0,0.0,0.0,0.0119108865,0.07823722,0.0036341767,0.12803243,0.0,0.033159424,0.0,0.0,0.0,0.10916114,0.006918489,0.2517136,0.0,0.117817566,0.0,0.0,0.12165112,0.0,0.10548109,0.11694257,0.0,0.0,0.0
TCGA-2J-AABU-01,0.0,0.10248934,0.0,0.0,0.0,0.036494147,0.0,0.10637077,0.00816243,0.12139216,0.0,0.020846324,0.0,0.0,0.0,0.0,0.0,0.0,0.0,0.022760687,0.017059628,0.0,0.055032235,0.0,0.0234968,0.17504263,0.12526728,0.013795381,0.0,0.2796298,0.0,0.03500426,0.0,0.23769785,0.0,0.0,0.038882125,0.0,0.08424755,0.020519767,0.0,0.0,0.08314079,0.0,0.0,0.15338081,0.040470224,0.19403732,0.15007071,0.0,0.04261972,0.0,0.082403675,0.17431173,0.07471863,0.0,0.0,0.14329608,0.0,0.0,0.23109868,0.0,0.0,0.0,0.056745034,0.0074532176,0.005380785,0.19491716,0.12235752,0.011142572,0.02812038,0.0,0.0,0.15963428,0.0,0.0,0.0,0.0,0.0,0.0,0.0,0.1068736,0.14946246,0.0,0.0,0.0,0.0,0.0,0.0,0.0,0.0615039,0.0,0.14827909,0.05774105,0.13460901,0.09920767,0.0,0.0,0.07743433,0.046739854,0.0,0.020687029,0.0,0.0,0.0,0.0,0.0,0.0,0.021449283,0.0,0.006618871,0.0,0.0,0.17248093,0.0,0.0,0.0,0.0,0.0,0.15852563,0.0,0.0,0.0040177456,0.0,0.0,0.0,0.0,0.0,0.027633343,0.03203353,0.103578076,0.009639674,0.062681764,0.0,0.0,0.0,0.0,0.0,0.0,0.036052506,0.03489215,0.0,0.0,0.0,0.0,0.23936462,0.00014621667,0.0,0.12931778,0.10132477,0.0,0.014176095,0.1293311,0.036569066,0.0,0.045281544,0.0,0.0,0.0,0.10782162,0.1094705,0.0,0.0,0.12232182,0.0,0.016204782,0.0,0.055550266,0.0,0.10543291,0.0,0.0,0.035120334,0.0,0.0,0.0,0.0,0.10491255,0.25932145,0.032396402,0.15656018,0.0112392055,0.0062638633,0.053285107,0.0,0.0,0.0,0.0,0.0,0.06893249,0.0,0.0,0.0,0.0113948835,0.0,0.05318244,0.14140543,0.07095686,0.0,0.0
TCGA-2J-AABV-01,0.0,0.2551791,0.0,0.0,0.0,0.0,0.0,0.04480467,0.26822945,0.0,0.0,0.0,0.0,0.1362317,0.018317275,0.07828251,0.0,0.0,0.0,0.097934745,0.0,0.0,0.0,0.034035027,0.12572615,0.14163135,0.0,0.05950237,0.033934433,0.109275624,0.05172459,0.0,0.0,0.012587679,0.012656046,0.03376358,0.0,0.13105737,0.0,0.0,0.0,0.0,0.13768946,0.0,0.0,0.14142646,0.0,0.0,0.0,0.008990129,0.0,0.0,0.0,0.20095609,0.047973085,0.0,0.0,0.009918076,0.0,0.016848411,0.022117931,0.0,0.02432177,0.009981627,0.092782415,0.0,0.017073607,0.0,0.0974243,0.0,0.0,0.0,0.0,0.044587027,0.0,0.0,0.0,0.0,0.068828605,0.0,0.0,0.21842141,0.011690276,0.12297052,0.0,0.0,0.0,0.14443088,0.050165374,0.007537244,0.0,0.0,0.1377144,0.28296483,0.076810054,0.0022069954,0.0,0.0,0.012654214,0.0,0.03469094,0.0,0.0,0.0,0.05645936,0.23595624,0.0,0.0,0.0,0.0,0.0,0.0,0.0,0.0,0.0,0.0,0.1118463,0.0,0.0,0.0,0.112829335,0.115840904,0.0,0.18949628,0.0,0.0,0.0,0.0,0.0,0.17706776,0.0,0.0,0.15366736,0.063159235,0.0,0.0,0.164787,0.0,0.0,0.057934683,0.0,0.0,0.04009372,0.050037783,0.0,0.08085031,0.0,0.0,0.06432661,0.020198086,0.0,0.10825664,0.0,0.013749605,0.0,0.06263498,0.075400084,0.0,0.0,0.19276163,0.0,0.0,0.0,0.0,0.0,0.026615981,0.0,0.052259725,0.0,0.20634797,0.0,0.0035377522,0.096860304,0.007738674,0.0,0.0,0.08656849,0.0,0.1002953,0.0,0.07390655,0.0,0.0,0.0,0.0,0.059159156,0.0,0.070514284,0.0,0.16353184,0.0,0.0,0.13035257,0.08588877,0.07598707,0.060296353,0.062213015,0.046057485,0.0,0.0
TCGA-2L-AAQA-01,0.013250354,0.0,0.0,0.0,0.0,0.019419437,0.024862768,0.023346638,0.0,0.0043579247,0.1219306,0.035505384,0.0,0.0,0.0,0.0,0.0,0.0,0.03964929,0.039714336,0.09208209,0.0,0.0,0.007697026,0.0,0.30358484,0.0,0.0,0.0050272206,0.03508793,0.0,0.0,0.0005417364,0.018588314,0.0,0.04720119,0.18951064,0.0,0.18443939,0.0,0.0,0.0,0.0,0.0,0.0,0.073692895,0.0,0.066218205,0.0,0.122692324,0.0,0.08531889,0.059925847,0.0378012,0.036545467,0.0,0.12890586,0.0,0.029831503,0.21481752,0.0,0.0,0.0,0.060100038,0.15552697,0.0,0.13656431,0.10132716,0.15378745,0.12850444,0.0,0.0,0.0,0.08747244,0.0,0.0,0.0,0.0,0.0,0.0,0.0,0.05242575,0.09140184,0.0018121945,0.21525986,0.0,0.015149657,0.0,0.08174485,0.01649066,0.056908123,0.0,0.040214945,0.28106597,0.0,0.0013646245,0.0,0.0,0.17919336,0.0,0.0,0.0,0.0,0.0,0.076904856,0.0,0.042992424,0.0,0.047955137,0.0,0.0,0.16398478,0.0030731019,0.0,0.0,0.0,0.018180238,0.0,0.0,0.13200288,0.0,0.03705893,0.0,0.0,0.17508632,0.0,0.06288799,0.0,0.09922553,0.04404077,0.0,0.0,0.099066034,0.017579123,0.0,0.0,0.0,0.0,0.0,0.0,0.0,0.036845926,0.0,0.00078514416,0.0,0.07590247,0.03306695,0.0,0.101825394,0.0,0.0,0.0,0.0,0.00813945,0.1108375,0.0,0.060735933,0.0,0.0,0.20056622,0.0,0.0,0.02636291,0.051029086,0.0,0.08596486,0.103193104,0.0,0.0,0.06539097,0.0,0.0,0.09397271,0.0,0.0378095,0.0,0.0,0.12699999,0.12482576,0.0,0.1233893,0.0,0.06263748,0.079615906,0.0,0.048528563,0.0,0.22116067,0.0,0.09761788,0.060783524,0.0,0.0,0.096506044,0.0659911,0.17579503,0.08579592,0.14243321,0.0,0.0
TCGA-2L-AAQE-01,0.0,0.09245884,0.0,0.0,0.0,0.0,0.0,0.11368019,0.058114182,0.0,0.03103056,0.0060526757,0.017823467,0.15670517,0.0,0.0,0.0,0.08926377,0.0,0.0,0.0,0.005099391,0.0,0.021740384,0.0,0.124005966,0.20952769,0.0,0.03952384,0.10921252,0.0,0.0,0.0,0.03861502,0.0,0.084953286,0.0,0.0,0.019497074,0.0,0.0,0.0,0.06097707,0.0,0.015388887,0.0,0.0,0.0,0.08486111,0.08537129,0.0,0.12106952,0.0,0.032220818,0.22131261,0.0,0.0,0.06447042,0.0,0.0,0.0248554,0.0,0.08123245,0.0,0.0,0.0,0.0,0.0,0.0,0.10985406,0.0,0.0,0.0,0.017707804,0.08357514,0.08994487,0.0,0.0,0.0,0.0,0.0,0.14527598,0.0,0.0,0.0,0.0,0.06727061,0.0,0.034142137,0.0,0.0,0.0,0.053169325,0.110863455,0.0742189,0.0,0.0,0.0,0.19446722,0.0,0.01537937,0.0,0.0,0.0,0.07172386,0.016567064,0.029284269,0.0,0.077467754,0.0,0.053439204,0.0,0.0,0.0,0.0,0.0,0.15253498,0.0,0.0,0.11435927,0.0,0.18708889,0.07440393,0.0,0.0,0.0,0.024910675,0.0,0.0,0.17637025,0.21145391,0.0,0.0,0.0,0.0,0.0,0.022262035,0.0,0.0,0.0,0.0,0.010135781,0.0,0.0,0.0,0.08560007,0.006608854,0.0,0.0,0.0,0.08998248,0.0,0.07085437,0.15342914,0.1953949,0.0,0.027600631,0.006926071,0.0,0.0,0.0,0.015401254,0.0,0.1657599,0.0,0.1992142,0.0,0.047299597,0.0,0.0,0.0,0.0,0.15844508,0.20835471,0.06367435,0.0,0.0,0.005742716,0.058498416,0.14887789,0.268129,0.0,0.0627514,0.0023867844,0.062398303,0.033567853,0.0,0.051279064,0.030586127,0.0,0.0,0.0,0.043451432,0.048281927,0.0,0.26159567,0.078460164,0.107481815,0.0,0.23842393
TCGA-2L-AAQI-01,0.0,0.0,0.0,0.0,0.00672527,0.023790581,0.0,0.099298865,0.0771994,0.122713685,0.015983334,0.0,0.0,0.0,0.022686172,0.0,0.0,0.121748865,0.0,0.0,0.0566479,0.0,0.014698593,0.0,0.06275249,0.1535445,0.0,0.0,0.04367008,0.099973366,0.0,0.049581546,0.0,0.1168314,0.0,0.0,0.22819337,0.0,0.04095842,0.0,0.0,0.0,0.0,0.0,0.1508228,0.0,0.0,0.11421516,0.0,0.11754298,0.0,0.0,0.0,0.04572589,0.10854725,0.0,0.13631868,0.028536888,0.01394859,0.17478596,0.0,0.0,0.077148154,0.06959287,0.18816918,0.0,0.053371876,0.0,0.0,0.0,0.043831035,0.0,0.0,0.02263285,0.08511307,0.0,0.0,0.0,0.0,0.010827517,0.0,0.12659372,0.0,0.030729603,0.0,0.0,0.0,0.052523997,0.17440762,0.035182465,0.0,0.0,0.0,0.07603401,0.0,0.0,0.0,0.0,0.17890865,0.0,0.0,0.0,0.020360386,0.0,0.0,0.0,0.14985111,0.0,0.04528117,0.0,0.0,0.027943596,0.0,0.0,0.14329667,0.018138092,0.029967112,0.0,0.0,0.0,0.0,0.0,0.0,0.074516125,0.0,0.0,0.0,0.0,0.07211676,0.0,0.0,0.0,0.064443186,0.10397843,0.0,0.0,0.0,0.11097124,0.0,0.0,0.0,0.04908348,0.0,0.0,0.0,0.21263207,0.0,0.0,0.0,0.0,0.0,0.17990868,0.10443946,0.0,0.0,0.11543271,0.0,0.0,0.0,0.07310703,0.2474838,0.0,0.0,0.13992733,0.0,0.059864767,0.0,0.0,0.0,0.23037842,0.09400421,0.0,0.0,0.0,0.048780303,0.0,0.0,0.13337994,0.09446629,0.04507864,0.16446032,0.0,0.0,0.054898027,0.0,0.0,0.10584801,0.114187725,0.045704566,0.013078568,0.1437946,0.0,0.0,0.035714805,0.09841679,0.3220837,0.111644596,0.0,0.0,0.04075842
TCGA-2L-AAQJ-01,0.098866515,0.0065253335,0.0,0.0,0.10100019,0.0,0.0,0.08142753,0.027048076,0.0999768,0.0,0.072412774,0.0,0.0,0.0,0.0,0.01192446,0.046679083,0.0,0.055211,0.14852288,0.0,0.09312532,0.030798484,0.0,0.1421829,0.18909417,0.0,0.05623436,0.059356388,0.08155578,0.0,0.0,0.097012565,0.03304368,0.09498921,0.13556057,0.1111373,0.041240882,0.0,0.0,0.0,0.026020614,0.0,0.008204267,0.0,0.0,0.0,0.040093962,0.08259434,9.150172e-05,0.0,0.15877788,0.06515986,0.06080622,0.0,0.0,0.10197321,0.05665222,0.009245992,0.06994842,0.0,0.041900985,0.0,0.07870039,0.0,0.0689488,0.08589185,0.0,0.0,0.0,0.0,0.07213136,0.009762688,0.0,0.0,0.0,0.0,0.051042926,0.0,0.0,0.21118957,0.14825909,0.017232968,0.09569935,0.0,0.0,0.0,0.14310162,0.008265817,0.15840414,0.0,0.08221427,0.0,0.11953801,0.07511342,0.00094667653,0.0,0.23839442,0.0,0.07319891,0.0,0.0,0.0,0.10249096,0.13179484,0.10021443,0.004100574,0.02009224,0.005955243,0.0,0.014203862,0.0,0.14755394,0.0,0.046021823,0.10910026,0.0,0.0,0.12274239,0.0,0.0,0.0,0.0,0.0,0.0,0.07381523,0.0,0.1893862,0.035741955,0.03316382,0.0,0.019315839,0.0,0.0,0.0,0.03748795,0.0,0.0,0.0,0.0,0.054344893,0.0,0.0,0.035269268,0.34345615,0.0,0.0,0.02458191,0.0,0.0047666687,0.0,0.0438222,0.09474965,0.0436228,0.026773011,0.13764364,0.0,0.0,0.11190462,0.0,0.0,0.0,0.06939051,0.02670303,0.0,0.007439032,0.035349365,0.0,0.18105705,0.0,0.0,0.027871106,0.0,0.17408828,0.0,0.0,0.0,0.19362131,0.0,0.073140554,0.0,0.0,0.14845045,0.17133746,0.0,0.09445322,0.0,0.029018411,0.07711798,0.0,0.0,0.0,0.0,0.06563986,0.0,0.10772111,0.019498648,0.0,0.0
TCGA-2L-AAQL-01,0.02212725,0.026473291,0.0,0.0,0.0,0.0,0.08196999,0.09811101,0.058233757,0.052184284,0.0,0.0,0.06944358,0.0,0.0,0.13103615,0.0,0.0,0.0,0.013063257,0.018881578,0.0,0.0,0.02595808,0.07456106,0.21321924,0.111603245,0.0,0.07982452,0.0,0.17946297,0.0,0.0,0.040889844,0.0,0.10182761,0.09057893,0.10467703,0.20400666,0.0,0.0,0.0,0.13655525,0.0,0.071612455,0.13089556,0.0,0.0,0.14892754,0.0,0.1198315,0.0,0.0,0.0,0.094916545,0.0,0.0,0.10326737,0.0,0.081192926,0.16887763,0.0,0.0,0.008798339,0.23954496,0.0,0.011541872,0.0059815566,0.05026192,0.007925801,0.0,0.0,0.0,0.026385894,0.0,0.0,0.0,0.0,0.008876549,0.0,0.0,0.085369006,0.050587963,0.17043479,0.13087028,0.0,0.0,0.0,0.20864241,0.08121012,0.049719367,0.010384034,0.011019558,0.15134825,0.024484023,0.0,0.0,0.0,0.15902023,0.0,0.0,0.0,0.009639766,0.0,0.060495615,0.000544683,0.14067082,0.04073031,0.124911584,0.0,0.0,0.0,0.0,0.13602641,0.0,0.0,0.0,0.0,0.023482637,0.004096782,0.027620718,0.0,0.0,0.0,0.050286304,0.0,0.0,0.0,0.07933679,0.07794493,0.0,0.0,0.0,0.1017527,0.050687797,0.0044972203,0.0,0.0,0.0,0.0,0.0,0.1274915,0.0,0.0,0.0,0.046617314,0.0,0.035296284,0.11159656,0.0,0.04943143,0.0,0.12499887,3.586855e-05,0.0,0.0,0.006305885,0.0,0.0,0.18673652,0.0,0.0,0.0,0.15929452,0.0,0.03232578,0.0,0.0,0.0,0.077352606,0.051088728,0.0,0.18447296,0.11468442,0.0,0.0,0.0,0.011295139,0.24109298,0.0,0.2069416,0.0,0.0,0.0,0.022548925,0.0,0.04090413,0.033998784,0.0,0.0,0.0,0.0,0.0,0.11712387,0.039010525,0.20237263,0.0,0.0652726,0.0,0.08221312
TCGA-2L-AAQM-01,0.0,0.0,0.0,0.0,0.001145915,0.0,0.049954794,0.0,0.0,0.0,0.0,0.0,0.0703547,0.0,0.0,0.0,0.0,0.12369626,0.10155983,0.0,0.026589783,0.0,0.01576566,0.0,0.08685571,0.24581067,0.0040346454,0.0,0.10901877,0.1670594,0.0,0.032552738,0.0,0.0,0.13802296,0.071879745,0.11432468,0.0074943807,0.11563091,0.0,0.18018173,0.0,0.03870266,0.0,0.0116557265,0.19737494,0.0,0.19226623,0.0,0.14735915,0.0,0.0,0.0,0.058278054,0.20685889,0.0,0.0,0.05565634,0.0084944675,0.018756988,0.051111218,0.0,0.06096692,0.0,0.0,0.0,0.0,0.0,0.017092843,0.008710943,0.0,0.0,0.0,0.15188025,0.064259395,0.0,0.0,0.0,0.0,0.0,0.0,0.0,0.16339533,0.0,0.17251298,0.032306965,0.13382931,0.0,0.15177563,0.0,0.023973625,0.0,0.0655291,0.01960101,0.0,0.0,0.047333665,0.0,0.1090445,0.0,0.09587463,0.0,0.0,0.026265096,0.0,0.0,0.14776471,0.06431687,0.01913757,0.0,0.0,0.0,0.0,0.0,0.08420041,0.0,0.07778377,0.0,0.0,0.0,0.0,0.0,0.0,0.002567385,0.0,0.0,0.0,0.0,0.19296451,0.2248584,0.0,0.0,0.14204042,0.0,0.020983959,0.0,0.00065362576,0.0,0.0,0.034802563,0.06382055,0.0024730256,0.0,0.0,0.0,0.13189195,0.0669794,0.03513137,0.0,0.10107571,0.0,0.0,0.023976168,0.022740098,0.0,0.0,0.042506408,0.0,0.12021671,0.03235858,0.056954484,0.031190455,0.0,0.0,0.0,0.0,0.0,0.0,0.0,0.04287483,0.09699033,0.06187841,0.1138596,0.0,0.07128731,0.0,0.0,0.008680027,0.21230584,0.012835289,0.31944427,0.0,0.07119421,0.0,0.0,0.122243516,0.0,0.029688936,0.0,0.0,0.039786447,0.0,0.1281857,0.0,0.08327515,0.16329016,0.0,0.0,0.0,0.03547587
TCGA-3A-A9I7-01,0.0,0.037480015,0.0,0.0,0.0,0.0,0.0,0.0,0.0,0.002904795,0.012433655,0.0,0.008071654,0.01776902,0.09180645,0.04484962,0.0,0.08663584,0.0,0.0131145185,0.048760753,0.0,0.0,0.0,0.12776493,0.1122362,0.032707002,0.085015364,0.0,0.18650354,0.04759931,0.054406162,0.0,0.019444864,0.0,0.17036316,0.10819908,0.067294225,0.042265832,0.0,0.03335797,0.0,0.03738704,0.0,0.06835214,0.0,0.0,0.04683173,0.006233671,0.0,0.0,0.0,0.1088018,0.08904689,0.0,0.0,0.090571314,0.14363378,0.07368883,0.017123992,0.2529798,0.0,0.0,0.28632927,0.08668305,0.0,0.031635657,0.0,0.0,0.07725981,0.0,0.0,0.0,0.0,0.0,0.12962759,0.12430464,0.022083048,0.0,0.0008430709,0.0,0.071706094,0.19826317,0.0,0.055202063,0.0,0.0,0.0,0.057552915,0.1577318,0.12327061,0.0,0.009038724,0.050887432,0.0,0.11005908,0.0,0.0,0.34569114,0.0,0.0,0.0,0.020670341,0.05021659,0.0,0.0,0.0,0.0,0.0860424,0.0,0.0,0.0,0.07845254,0.0,0.0,0.0,0.0,0.0,0.0,0.0,0.036813654,0.0,0.0,0.0,0.16611713,0.014828078,0.033503566,0.0,0.039548416,0.0,0.0,0.032087136,0.0,0.13963668,0.0,0.061111163,0.022026185,0.0,0.0,0.0,0.10308203,0.0,0.0,0.0,0.0,0.22808713,0.03819801,0.0093137445,0.06273876,0.0,0.0,0.013460388,0.0,0.0,0.0,0.0,0.01836519,0.0,0.031912245,0.12601928,0.0,0.0,0.0,0.0024753308,0.0,0.012085843,0.08510749,0.0,0.0,0.0,0.0,0.0,0.060838953,0.0,0.0,0.0,0.0,0.0,0.10300853,0.0,0.1686994,0.0,0.058696695,0.045510378,0.0,0.0,0.0,0.0,0.20347577,0.0,0.029548647,0.0,0.0,0.0,0.0,0.27599135,0.18505503,0.0,0.0,0.061221335
TCGA-3A-A9I9-01,0.0,0.0,0.0,0.0,0.034197368,0.0,0.09568043,0.038758043,0.07688213,0.0,0.0,0.0,0.05835344,0.0,0.05638011,0.0,0.0,0.0,0.0,0.0,0.0,0.0,0.078074045,0.0,0.089615636,0.09095302,0.024829378,0.0525557,0.18150231,0.106120594,0.058653317,0.20405433,0.0,0.044753924,0.0,0.21047565,0.10158994,0.039471254,0.056770094,0.051677864,0.0,0.0,0.0,0.0,0.16563348,0.0,0.0,0.01728885,0.0,0.02365286,0.0,0.048385914,0.0,0.09000143,0.11682406,0.0,0.0,0.10523528,0.013041603,0.06274505,0.24818325,0.0,0.0,0.0,0.073998764,0.0,0.0,0.0,0.09218515,0.0,0.0,0.0,0.0,0.08529336,0.0911735,0.0,0.0,0.06347574,0.0,0.0,0.0,0.1345819,0.0,0.004709388,0.0,0.0,0.0,0.11633424,0.105657384,0.13486874,0.036804613,0.0,0.10394164,0.07605614,0.0,0.0,0.07545765,0.0,0.2523458,0.0,0.0,0.0,0.01983439,0.0,0.12235969,0.0,0.014048379,0.115293875,0.0,0.0,0.0,0.0,0.09603331,0.017509377,0.037268467,0.028559223,0.1015533,0.0,0.0,0.0,0.058653444,0.028792653,0.0,0.0,0.049165137,0.0007297221,0.0,0.0,0.0,0.25060666,0.0,0.0,0.06308984,0.0,0.0,0.052876506,0.11242331,0.0,0.0,0.0,0.0,0.0,0.0,0.037149135,0.0,0.20715956,0.2731953,0.0,0.0006137455,0.12976713,0.0,0.040327597,0.13492063,0.0,0.0,0.070045285,0.033428486,0.023865521,0.086234674,0.052567437,0.0079927845,0.0,0.0,0.09884379,0.0,0.07867943,0.06248439,0.0010717731,0.0,0.09110489,0.0,0.0,0.101893954,0.0,0.042547196,0.0,0.0,0.14708352,0.11891571,0.0,0.13511424,0.0,0.020740684,0.011114455,0.0,0.0,0.034157258,0.0,0.078799725,0.0024494196,0.10964572,0.0,0.012280485,0.05523979,0.0,0.17109884,0.15770519,0.03869391,0.0,0.0
TCGA-3A-A9IB-01,0.0,0.047616154,0.0,0.0,0.023898784,0.029108565,0.0,0.032819483,0.01565529,0.054195203,0.1127076,0.0,0.0,0.0,0.0,0.023398016,0.0,0.032133296,0.0,0.0,0.18947949,0.0,0.027694501,0.10787703,0.0,0.0,0.082688145,0.0,0.03814982,0.06216938,0.028561352,0.0,0.0,0.0,0.0,0.027987821,0.20091751,0.0,0.0,0.0,0.09136881,0.0,0.0,0.0,0.0,0.0,0.0,0.09170022,0.0,0.14453746,0.0,0.0,0.0,0.014051095,0.19715358,0.0,0.0,0.09447328,0.0,0.0,0.10826005,0.0,0.047344003,0.019341903,0.040326,0.0,0.0,0.0,0.05635755,0.20335253,0.19612785,0.04281042,0.0534151,0.119501226,0.0,0.0,0.0,0.0,0.0,0.0,0.0,0.0036994626,0.017566023,0.112445965,0.0,0.0,0.16735947,0.0,0.11546442,0.12828077,0.0,0.0,0.2324407,0.0,0.10628153,0.0,0.091019504,0.0,0.16782698,0.0,0.0,0.0,0.0,0.025245959,0.0,0.054528408,0.0,0.012295822,0.010954892,0.02146115,0.0,0.0,0.0,0.028360356,0.0676893,0.0,0.07026668,0.0,0.0,0.07733246,0.0,0.0,0.0,0.045266956,0.0,0.0,0.0,0.0,0.2644758,0.011247215,0.0,0.0,0.0,0.09461872,0.011960088,0.0,0.0,0.0,0.0,0.0,0.0,0.0,0.01656599,0.0,0.0,0.25157127,0.0,0.0,0.0,0.0,0.02273515,0.0,0.047318526,0.1422597,0.0,0.0,0.0,0.0,0.0,0.10890965,0.11185993,0.050816223,0.0,0.055118382,0.031138174,0.0,0.0,0.12587355,0.0,0.0,0.14846398,0.0,0.048475906,0.0,0.1288665,0.0,0.068618655,0.0,0.27707222,0.0,0.16512455,0.0,0.0,0.14161962,0.0,0.0946777,0.0,0.06714116,0.0,0.0,0.026742913,0.0,0.0,0.0,0.057251528,0.2504096,0.118496634,0.0,0.0,0.0
TCGA-3A-A9IC-01,0.0,0.0770094,0.0,0.0,0.0,0.00046697466,0.0115741305,0.16264164,0.0,0.0,0.0,0.066815846,0.007813639,0.0,0.052537628,0.25481072,0.0,0.024493307,0.0,0.0,0.0,0.0,0.03710252,0.0074804667,0.21852829,0.2536255,0.0,0.09195208,0.031944193,0.011841886,0.0,0.066053055,0.0,0.062677056,0.0,0.06251846,0.0,0.0,0.12862559,0.0,0.0,0.0,0.0,0.0,0.0,0.087140255,0.0,0.0,0.11817207,0.020520398,0.0,0.049449738,0.0066006156,0.10504247,0.19330192,0.0,0.0,0.030928647,0.29205647,0.0,0.0,0.012197079,0.15040308,0.05568849,0.07173949,0.082275145,0.0,0.0,0.016942145,0.070522524,0.0,0.0,0.0,0.0289184,0.0,0.0,0.0,0.0,0.0,0.0,0.0,0.04156696,0.13759129,0.051798195,0.021914518,0.0,0.09676493,0.0,0.00688547,0.08051664,0.02892096,0.0,0.13722675,0.1416259,0.07002005,0.13700444,0.0,0.0,0.0364551,0.0,0.0,0.009642714,0.0,0.0,0.0,0.030313408,0.07441376,0.06042203,0.16397028,0.0,0.0,0.0,0.0,0.0,0.0,0.05163924,0.17508653,0.0,0.0,0.14057139,0.0,0.0,0.0,0.0,0.0,0.0,0.0031738365,0.0,0.22739504,0.15745085,0.0,0.021076495,0.08796216,0.0,0.0,0.0,0.020759651,0.05942889,0.0,0.0,0.0,0.111911595,0.0,0.0,0.0,0.100659676,0.0,0.0,0.014337219,0.0027516852,0.0,0.09387921,0.020140933,0.0015826568,0.027747158,0.017124627,0.09997384,0.0,0.0,0.0,0.0060760425,0.0,0.0,0.08001701,0.0,0.0,0.035995267,0.0,0.007847298,0.09483973,0.0,0.0,0.18607815,0.0,0.0,0.0,0.0,0.22722828,0.07184377,0.0,0.25066185,0.024115019,0.016528131,0.09422431,0.016901273,0.0,0.0,0.0,0.0,0.12909688,0.06787019,0.0,0.0,0.0,0.0,0.02946472,0.10086909,0.0,0.0,0.0
TCGA-3A-A9IH-01,0.0,0.03902952,0.0,0.0,0.0,0.0,0.0,0.052687746,0.10559363,0.0,0.0,0.0,0.0,0.0,0.0,0.0,0.0014678007,0.0,0.0,0.0,0.0,0.0,0.0,0.11436968,0.020566173,0.2646786,0.16396905,0.0,0.10737294,0.098394595,0.0,0.13687317,0.0,0.030094255,0.0,0.007459694,0.024621533,0.014106095,0.0,0.058440518,0.0,0.0,0.09140709,0.0,0.14820512,0.0,0.0,0.11242181,0.020402314,0.09359494,0.0,0.01981447,0.06299382,0.0032530793,0.05878745,0.0,0.0,0.058011815,0.097415805,0.0,0.0,0.0,0.04881082,0.0,0.15912169,0.0,0.0,0.0,0.0,0.0,0.06499623,0.0,0.0,0.14726937,0.0,0.017020132,0.0,0.0,0.0014285423,0.0,0.0,0.3018206,0.07978002,0.06528886,0.0,0.0,0.0,0.0,0.1758544,0.0,0.0,0.029851845,0.20502011,0.08917382,0.20396112,0.006876551,0.024477191,0.0,0.14141017,0.0,0.0,0.101615265,0.0,0.0,0.1270792,0.0,0.0,0.0,0.014943054,0.0,0.0,0.0,0.0,0.12815355,0.0,0.036845062,0.0,0.0,0.0,0.06839505,0.058858406,0.14264971,0.0,0.0,0.0,0.0,0.04454554,0.0,0.05474425,0.09859079,0.0,0.0,0.014006182,0.0,0.0,0.0,0.04064311,0.0,0.17680266,0.0,0.0,0.0,0.0,0.0,0.0,0.19212438,0.18374676,0.0,0.06568634,0.013914637,0.0,0.0,0.0,0.026619958,0.19377442,0.050127394,0.0,0.0,0.0,0.06246682,0.0,0.048002277,0.0,0.0,0.0,0.18073101,0.0,0.0,0.0,0.0,0.093240015,0.0,0.116650075,0.0,0.0076094805,0.0,0.0,0.15251048,0.14475358,0.0,0.25085092,0.0,0.0,0.03008515,0.0,0.0070306812,0.07988532,0.1069238,0.0,0.0,0.016872356,0.0,0.011703131,0.0045042057,0.0058414694,0.16215712,0.067553096,0.034732748,0.0,0.008759831
TCGA-3A-A9IJ-01,0.0,0.009379741,0.0,0.0,0.080742255,0.0,0.08866699,0.0,0.02697087,0.0,0.0,0.0,0.032026574,0.0,0.0,0.0,0.0,0.042720634,0.07519798,0.0,0.0490871,0.0,0.021384636,0.015904713,0.087549545,0.2272706,0.12400412,0.0,0.08974721,0.0,0.15337047,0.017589493,0.0,0.007937806,0.081282504,0.07957614,0.10099232,0.045550097,0.09181765,0.0,0.0,0.0,0.14306459,0.0,0.0,0.10026891,0.0,0.10702205,0.10131166,0.047254574,0.022009883,0.0,0.0,0.16329058,0.19563897,0.0,0.07318393,0.0023097058,0.051610224,0.11616776,0.012408453,0.0,0.044408318,0.0,0.0,0.0,0.0,0.0016756798,0.11394821,0.030189252,0.0,0.0,0.0,0.17794459,0.036333278,0.0,0.08330722,0.039674122,0.055137474,0.0,0.0,0.016580949,0.13202722,0.0,0.038947184,0.0,0.005399324,0.0,0.07723259,0.07224657,0.049387284,0.0,0.012214955,0.074848294,0.0,0.07053062,0.0,0.0,0.110357784,0.0,0.06900665,0.020102413,0.0,0.0,0.0,0.0,0.0,0.0,0.0,0.0,0.026234167,0.019744923,0.0056455354,0.0,0.022857757,0.006933066,0.0,0.0,0.0,0.1728084,0.0,0.0,0.0,0.0,0.052105587,0.0,0.039592173,0.0,0.171792,0.23411454,0.0,0.0,0.12750743,0.05192657,0.0,0.0,0.0,0.0,0.07845872,0.0,0.0,0.0,0.0,0.0,0.0,0.06379537,0.0,0.0,0.0,0.14530641,0.14931618,0.11371437,0.09033324,0.0,0.00087076635,0.0,0.03425133,0.038617708,0.07624428,0.025842518,0.0,0.0,0.1229021,0.0,0.0,0.0,0.0,0.07533145,0.003467405,0.042591292,0.0,0.014206609,0.07517243,0.0,0.030735698,0.0,0.0,0.049008917,0.013446901,0.0,0.36442733,0.007131651,0.0,0.0,0.0,0.20348193,0.23181762,0.028065529,0.0,0.0,0.0,0.0,0.1695385,0.0,0.0,0.07133842,0.22363415,0.0,0.0,0.048692886
TCGA-3A-A9IL-01,0.0,0.0,0.0,0.0,0.0,0.0,0.045844957,0.0,0.0,0.0,0.0,0.08191601,0.0319186,0.0,0.0,0.009014664,0.0,0.060721904,0.0,0.0,0.0647494,0.0,0.0542337,0.0,0.24497272,0.2818293,0.05832562,0.09073589,0.0,0.1280796,0.05300964,0.11560804,0.0,0.0,0.08141822,0.23670971,0.14270505,0.27389088,0.12565203,0.0,0.0,0.0,0.09602618,0.0061434023,0.0,0.14281099,0.0,0.0,0.0063825436,0.15487917,0.0,0.0,0.0,0.038135685,0.048233602,0.0,0.0,0.0,0.11110191,0.012485487,0.12004155,0.0,0.07863613,0.0,0.07344449,0.023389833,0.13885003,0.050596934,0.07161739,0.0,0.0,0.0,0.0,0.17266989,0.0,0.0,0.0,0.048738632,0.0,0.10742811,0.0,0.045340993,0.105962075,0.0,0.028219659,0.0,0.0,0.0,0.05324435,0.0011814631,0.0,0.0,0.0,0.06476066,0.0,0.17187484,0.0042210575,0.0,0.07522221,0.0,0.041463174,0.0,0.0,0.046617355,0.0,0.0,0.0,0.0,0.06561321,0.0,0.0,0.0,0.07384252,0.0,0.0,0.061789468,0.05054212,0.0,0.029014923,0.0,0.07602194,0.05632624,0.061038345,0.0,0.17592496,0.10724754,0.14571592,0.0,0.09979248,0.040761966,0.0,0.0,0.17003772,0.0,0.0,0.0,0.021350473,0.0,0.12247843,0.027269928,0.0,0.041242115,0.03176724,0.0,0.0,0.24992642,0.043940764,0.0,0.0,0.0,0.0638372,0.13958773,0.0,0.0,0.0,0.0,0.07262843,0.034845725,0.15925004,0.00065783405,0.0,0.0,0.067471646,0.0,0.0,0.05014763,0.0,0.0,0.0,0.0,0.07281961,0.020896118,0.0,0.0,0.120846726,0.0,0.0,0.15360904,0.0,0.0,0.17908938,0.008155695,0.039608598,0.0051336917,0.0,0.0059866435,0.0003223144,0.030564824,0.08442579,0.0063926713,0.0,0.0,0.0,0.0,0.0,0.020641599,0.16453251,0.0,0.037522502,0.0
TCGA-3A-A9IN-01,0.0034839585,0.0,0.0,0.0,0.06693627,0.0,0.13264489,0.0,0.10958276,0.0,0.0,0.0,0.0,0.0,0.0,0.0068997336,0.0,0.08056867,0.0,0.0,0.044835348,0.01547806,0.03931026,0.0,0.16746506,0.225216,0.1362948,0.0,0.06113564,0.0,0.049263477,0.0,0.0,0.0,0.0,0.13499863,0.14985669,0.08651814,0.09920253,0.0,0.101648726,0.0,0.08613046,0.0,0.0,0.07897951,0.0,0.0,0.04895206,0.0,0.021661738,0.0,0.02459228,0.13536197,0.24816886,0.0,0.0,0.026651584,0.04254485,0.01945952,0.07063881,0.016010243,0.16075936,0.054994002,0.10137264,0.0,0.0,0.039893087,0.0,0.0,0.0,0.0077305892,0.059181172,0.13768704,0.021320594,0.111660264,0.0,0.0,0.0,0.0,0.0,0.06500553,0.07681094,0.0,0.0754669,0.0,0.019038212,0.0,0.04171863,0.045193184,0.0,0.0,0.0,0.13856035,0.0,0.0,0.05522622,0.0,0.26740876,0.0,0.0,0.0,0.0,0.0,0.0,0.06013909,0.10236151,0.09701134,0.0,0.0,0.0,0.0,0.041845497,0.11682797,0.0,0.06431703,0.0,0.0,0.0,0.021224806,0.0,0.0,0.0,0.0,0.0,0.063133776,0.059215255,0.0,0.20968814,0.11617546,0.0,0.0,0.065910906,0.08529793,0.0,0.0,0.0,0.0,0.09409912,0.0,0.0,0.0,0.0,0.0,0.0,0.15182118,0.10022046,0.0,0.0,0.026319832,0.044548057,0.1961988,0.0,0.0,0.05079764,0.0,0.16551308,0.0,0.10451158,0.13327673,0.0,0.0,0.0,0.013350966,0.0,0.12710167,0.0,0.013839074,0.0,0.020309329,0.0,0.0,0.056905244,0.11384176,0.0,0.0,0.0,0.01183375,0.010253165,0.028130125,0.2981459,0.06699639,0.046002798,0.049382728,0.0,0.09670654,0.05003555,0.0,0.15447539,0.0051188106,0.0,0.0,0.0026253122,0.0,0.0,0.1415033,0.19356544,0.030431332,0.0,0.022662716
TCGA-3A-A9IR-01,0.112932496,0.0,0.0,0.0,0.06977091,0.0,0.02434677,0.0,0.0685156,0.17160782,0.0,0.0012849909,0.0,0.0,0.0,0.0,0.0,0.0850718,0.08404699,0.0,0.0,0.0,0.0,0.0,0.0,0.14476816,0.16695042,0.12869945,0.11886983,0.048455697,0.058793645,0.04381093,0.0,0.0,0.062023956,0.04171874,0.21136336,0.018292991,0.16304165,0.0038313998,0.0,0.0,0.12767643,0.14217351,0.0,0.066576146,0.0,0.0,0.0,0.038910966,0.24391854,0.0,0.0,0.07092255,0.06873259,0.0,0.0,0.0,0.07605972,0.0,0.030272158,0.0,0.0,0.02271847,0.06499792,0.0,0.1361794,0.0,0.072187044,0.0,0.0,0.0,0.0,0.12813346,0.0,0.07414087,0.043981258,0.0,0.0,0.0,0.0,0.14231437,0.27135387,0.029681766,0.07023714,0.0,0.0,0.0,0.10363611,0.14160514,0.1556532,0.0,0.0,0.09570442,0.0,0.0,0.0,0.0,0.11931785,0.0,0.05395721,0.0,0.0,0.0,0.0,0.0,0.0,0.0,0.062801845,0.0,0.0,0.0,0.0,0.18574037,0.06839711,0.0,0.0,0.0,0.0,0.0,0.0,0.0,0.0,0.0,0.16975445,0.0,0.019724147,0.0,0.1282531,0.12962702,0.0,0.0047503975,0.03283051,0.05093112,0.0,0.0,0.0,0.016798303,0.08607651,0.0,0.0,0.052581668,0.0010451655,0.0,0.0,0.0,0.0,0.0,0.0,0.08234651,0.0,0.0,0.05250334,0.0,0.07779904,0.11588578,0.023218937,0.119230375,0.1500999,0.023161415,0.0,0.0,0.08777358,0.0,0.0,0.0,0.0,0.0,0.002496638,0.0,0.0,0.0,0.0,0.13948755,0.0,0.0,0.0,0.012708107,0.081818625,0.0,0.36099297,0.0,0.026682429,0.0,0.0,0.082690395,0.052852966,0.13155304,0.0,0.0,0.0,0.0,0.0,0.0,0.0,0.18215269,0.02362832,0.06936712,0.0,0.0
TCGA-3A-A9IS-01,0.0,0.0,0.0,0.0,0.02093841,0.0,0.0367598,0.0,0.035493936,0.0,0.06575695,0.043336708,0.08305296,0.0,0.0,0.0,0.0,0.1031811,0.11671862,0.0,0.012624929,0.0703734,0.10675905,0.028559623,0.0,0.40449616,0.0,0.021384608,0.0,0.16390622,0.0,0.0,0.0,0.054624405,0.09480476,0.068108216,0.058443565,0.14227289,0.15561831,0.07476528,0.0,0.0,0.079312526,0.0,0.0,0.20715654,0.0,0.07222901,0.0,0.06576533,0.0,0.0,0.037993096,0.17289989,0.21399389,0.0,0.0,0.0,0.080490746,0.12281098,0.070533946,0.0,0.14907593,0.004790911,0.03343456,0.0,0.0,0.0,0.091466784,0.07129535,0.0,0.0,0.014850089,0.018539226,0.0,0.0,0.0,0.0,0.0,0.027834697,0.0,0.11386002,0.14533907,0.0,0.14123231,0.0,0.056949086,0.0,0.0,0.0,0.023577059,0.0,0.080767415,0.0,0.0,0.020685272,0.0,0.0,0.18040715,0.0,0.08350978,0.0054443455,0.0,0.0,0.0,0.12213298,0.04621169,0.0055109584,0.034011014,0.0,0.0,0.0,0.0,0.0,0.0,0.0,0.0,0.0,0.0,0.016184391,0.0,0.0,0.0,0.0,0.0,0.0,0.14022937,0.0,0.16050307,0.14461909,0.0,0.0,0.0447937,0.022339206,0.0,0.0,0.0,0.0,0.15374887,0.0,0.0,0.0,0.08926312,0.00952583,0.0,0.118617006,0.10102415,0.0,0.0,0.052909985,0.0,0.026315851,0.12335334,0.0,0.0,0.0,0.035741232,0.07895607,0.15155362,0.0014343511,0.0,0.0,0.12920058,0.0,0.0,0.10838309,0.0,0.0,0.0,0.0,0.03862147,0.0,0.0,0.0004537996,0.007465123,0.0,0.0,0.041824598,0.0,0.0017018616,0.21380094,0.03225462,0.17886855,0.0,0.0,0.0,0.11503802,0.051997285,0.004401495,0.048559166,0.0,0.0,0.0,0.0,0.044469517,0.04450411,0.17759171,0.09206427,0.0,0.105157666
TCGA-3A-A9IU-01,0.0,0.0,0.0,0.0,0.03149112,0.06667279,0.0022830209,0.0041399384,0.07625245,0.06734649,0.0205849,0.06362109,0.0,0.009560068,0.0,0.0,0.0,0.0,0.11202133,0.06648571,0.11716975,0.0,0.0,0.0,0.04813883,0.096896455,0.033491433,0.101155944,0.021711228,0.04230042,0.0,0.050510436,0.0,0.023499155,0.0,0.0475477,0.19875903,0.084310785,0.05045692,0.0,0.0,0.0,0.0044539818,0.0,0.0,0.0,0.0,0.043529145,0.14083874,0.028582776,0.0,0.0,0.0,0.086545356,0.077879615,0.0,0.0,0.161108,0.0016142769,0.0,0.15968114,0.0,0.053036306,0.0,0.030514972,0.10116511,0.11925664,0.10129481,0.0097665675,0.0,0.0,0.0,0.0,0.16607389,0.067873634,0.0,0.03669701,0.0,0.0,0.08299938,0.0,0.213919,0.08533969,0.0063762823,0.11204837,0.0,0.13908178,0.0,0.053898674,0.037985988,0.0,0.0,0.029496342,0.10963291,0.04374366,0.076071955,0.0,0.0,0.17369068,0.0,0.0,0.0,0.0,0.056998458,0.029711138,0.0,0.0,0.0,0.09471331,0.010736209,0.0,0.0,0.0,0.013190811,0.0030773936,0.0,0.17170267,0.0,0.0,0.0,0.0,0.0,0.0,0.0,0.0603495,0.0,0.14297964,0.0,0.0940047,0.17102312,0.08175654,0.0,0.023051985,0.06056744,0.0,0.0,0.096415095,0.0,0.0,0.0,0.0,0.0038262692,0.06490248,0.0,0.010821902,0.31543642,0.04789885,0.0,0.09926455,0.0,0.0,0.15756905,0.0,0.15738262,0.0949034,0.064786,0.09649136,0.0,0.0,0.10996188,0.0,0.0,0.0,0.0,0.0,0.11850892,0.0,0.0,0.030688822,0.04708344,0.0,0.0,0.031629026,0.0,0.11177892,0.0,0.0,0.06299895,0.21678765,0.0,0.06467726,0.0,0.0,0.0034189357,0.0,0.0,0.031690218,0.13358568,0.0,0.0,0.09858442,0.0,0.10950244,0.0,0.0,0.30570576,0.050393168,0.12081007,0.0,0.0
TCGA-3A-A9IV-01,0.0,0.0,0.0,0.0,0.046896987,0.0,0.02504003,0.0,0.0,0.0,0.0,0.0,0.0,0.0,0.0,0.0,0.0,0.011520526,0.039363306,0.0,0.008876065,0.08913298,0.033371072,0.0,0.11340376,0.38614577,0.14080437,0.0,0.0036561962,0.10651522,0.0,0.071147144,0.0,0.027334182,0.044330098,0.101187706,0.010755971,0.07815897,0.19179232,0.0,0.0,0.026824059,0.18277143,0.0,0.0,0.1993324,0.0,0.13217302,0.071342945,0.12260578,0.12486294,0.0,0.0,0.0929126,0.12525845,0.0,0.12171548,0.0,0.10370365,0.01329383,0.039740577,0.0,0.0,0.108536445,0.016077751,0.0,0.05867282,0.0,0.0,0.0,0.0,0.0,0.043132216,0.015201352,0.0,0.0,0.0,0.0,0.0,0.0,0.0,0.11814685,0.05470455,0.0,0.16953671,0.0,0.0,0.0,0.0,0.0,0.010639843,0.0,0.023399165,0.09208956,0.0,0.0,0.16887572,0.0,0.01272107,0.0,0.014465608,0.020452129,0.0,0.0,0.0,0.0,0.054429792,0.0104229525,0.044375755,0.00033042746,0.0,0.0,0.0,0.0016524119,0.025140364,0.07610968,0.0,0.0,0.0,0.08254917,0.0,0.02189613,0.0,0.0,0.017618408,0.0,0.09929692,0.0,0.21033321,0.0733302,0.0,0.0,0.01787858,0.09184679,0.0,0.0,0.0,0.0,0.103660375,0.0,0.04719503,0.032238264,0.0,0.019110402,0.0,0.17418066,0.08146044,0.0,0.0,0.06600944,0.0,0.0,0.07315023,0.047911394,0.03027854,0.0,0.07701459,0.017375158,0.24117817,0.0,0.0,0.0,0.0,0.0,0.0,0.12200402,0.0,0.0,0.0,0.044796124,0.0,0.18362345,0.051390484,0.057771202,0.0,0.0,0.0,0.0,0.0,0.0,0.265726,0.11691014,0.1470072,0.03145186,0.0,0.1540263,0.04472097,0.08040665,0.0,0.0,0.10285869,0.0,0.09664613,0.0,0.057217304,0.0,0.111735605,0.021330135,0.0,0.0633006
TCGA-3A-A9IX-01,0.0,0.03665977,0.0,0.0,0.058017224,0.0075024646,0.13009293,0.04051837,0.0,0.0,0.107477486,0.0,0.0070195217,0.039665014,0.0,0.0,0.0,0.113141574,0.0,0.0,0.15811138,0.0,0.137413,0.0,0.055790335,0.066395685,0.012810254,0.10018416,0.0,0.053043265,0.0,0.12614135,0.0,0.044099215,0.0,0.031224605,0.1646062,0.0,0.0,0.0,0.04074352,0.0,0.18803956,0.0,0.12050234,0.0,0.0,0.09065843,0.0,0.14067219,0.0,0.09559037,0.049809918,0.13049169,0.12639146,0.0,0.0,0.02867136,0.15012754,0.0,0.07327639,0.0,0.041404635,0.13833222,0.0,0.0,0.0,0.097129196,0.0,0.0006777893,0.0,0.0,0.0,0.012270789,0.0,0.0967839,0.06672252,0.0,0.0,0.0,0.0,0.09643658,0.09756067,0.009227791,0.0,0.0,0.002909616,0.0,0.0046280744,0.12229386,0.051530525,0.0,0.09442092,0.05040694,0.0,0.10139703,0.027786257,0.0,0.14560848,0.0,0.027106049,0.0,0.0,0.0,0.0,0.010425893,0.0,0.0,0.0,0.0,0.0,0.0,0.0,0.14563264,0.0,0.002344927,0.0,0.0,0.0,0.0,0.10828624,0.0,0.0,0.0,0.18023507,0.0,0.0,0.0,0.2208598,0.17094883,0.0,0.0,0.0,0.23108794,0.0,0.0,0.0,0.0,0.0,0.0,0.0,0.0043070647,0.09139764,0.0,0.0,0.26201782,0.05502463,0.0,0.06066915,0.011358015,0.0,0.12839846,0.06418612,0.08424238,0.0,0.0,0.0,0.0,0.0,0.15151978,0.0,0.026983788,0.0,0.0,0.0,0.0,0.0,0.10364695,0.023660474,0.026315099,0.09046609,0.0,0.0,0.0,0.051150646,0.0,0.0,0.05924214,0.0,0.0,0.17434591,0.06437384,0.1879266,0.014985543,0.039366584,0.0,0.21050595,0.060355693,0.14822423,0.0,0.0,0.0,0.024559082,0.041817963,0.0,0.20907386,0.09168649,0.08765599,0.0,0.0
TCGA-3A-A9IZ-01,0.10420282,0.046165213,0.0,0.0,0.0,0.085192755,0.0,0.008603921,0.0,0.093508884,0.12802103,0.02190814,0.09036738,0.0,0.031085473,0.0,0.10136441,0.031669326,0.0,0.1147276,0.0127627645,0.0,0.0,0.100207955,0.02604853,0.15823676,0.0,0.16987197,0.0,0.113075994,0.0,0.0,0.0,0.060689162,0.0,0.16637503,0.15842943,0.10979559,0.2103032,0.0,0.043120064,0.0,0.0,0.0,0.0,0.00769503,0.0,0.0,0.0,0.14189894,0.0,0.07440552,0.14822593,0.012512283,0.08186949,0.0,0.0,0.13749269,0.0,0.022903208,0.11151607,0.0,0.04654809,0.0409457,0.079208635,0.0,0.15834673,0.009578521,0.10803762,0.09977031,0.0,0.11322188,0.0,0.041621804,0.0,0.0,0.0,0.0,0.0,0.0,0.0,0.0,0.05848171,0.0,0.026073255,0.03625959,0.0,0.0,0.11948601,0.08511858,0.0,0.0,0.1485327,0.13458547,0.0,0.0,0.0,0.0,0.17255564,0.0,0.0,0.052109413,0.0,0.02905158,0.0069958763,0.0,0.12344038,0.0005407919,0.003393389,0.0,0.0,0.0,0.0,0.0,0.0,0.0,0.020614725,0.0,0.0,0.060516804,0.0,0.0,0.0,0.01846653,0.0,0.0,0.22646157,0.0,0.113525726,0.012533082,0.0,0.052846726,0.09821624,0.0,0.0,0.0,0.0,0.0,0.0,0.0,0.0,0.0,0.0,0.0,0.0,0.24862601,0.0,0.0,0.046256263,0.0,0.0,0.024565825,0.11279722,0.00149217,0.14701554,0.19500056,0.084729046,0.0076068537,0.0,0.0041462104,0.06636956,0.0,0.0042978884,0.082220435,0.0,0.0,0.16243574,0.0,0.05227949,0.043954086,0.0,0.0,0.023701884,0.0,0.08961795,0.0,0.0,0.11203968,0.04413982,0.0,0.10648025,0.0,0.028223164,0.12379788,0.0,0.0,0.20348482,0.0724969,2.0725212e-05,0.0,0.0,0.0,0.057716724,0.0,0.0,0.21511497,0.1727389,0.0,0.0,0.1020915
TCGA-3A-A9J0-01,0.0,0.08334655,0.0,0.0,0.0,0.0,0.0,0.0,0.110393815,0.03207909,0.0,0.07190587,0.0,0.0,0.0,0.109927274,0.0,0.0,0.0,0.14734945,0.0,0.013766204,0.09365665,0.0,0.009048174,0.21407168,0.020465711,0.0,0.0,0.03796763,0.0,0.025034558,0.0,0.006457723,0.0,0.0,0.07580429,0.0,0.08549442,0.0,0.0,0.0,0.033589415,0.0,0.0,0.111392505,0.0,0.11594596,0.035376277,0.020403555,0.10023206,0.0,0.020614227,0.1452478,0.06770699,0.0,0.059244227,0.0007800629,0.013050413,0.0,0.19710095,0.0,0.030398322,0.0,0.20284021,0.0,0.018620122,0.008970512,0.020478683,0.07829294,0.0,0.0,0.016455457,0.12483284,0.0,0.0,0.0,0.0,0.03482609,0.035655744,0.0,0.1321687,0.0036261429,0.0,0.0,0.0,0.0,0.017127724,0.030128872,0.013588947,0.0,0.0,0.0,0.11241591,0.23020884,0.0,0.0,0.0,0.07743514,0.0,0.0,0.0,0.0,0.0,0.0,0.0,0.0037943216,0.0,0.18081461,0.0,0.0,0.0,0.0,0.02617247,0.0,0.0,0.101810805,0.0,0.0,0.11656814,0.0,0.0,0.0,0.0,0.0,0.0,0.15861823,0.0,0.11651093,0.0,0.0,0.0015699818,0.055852383,0.12914719,0.0,0.0035957831,0.06733613,0.0,0.0,0.042459108,0.0,0.032851137,0.032846753,0.0,0.0,0.09210909,0.09152099,0.0,0.0,0.0,0.0,0.0,0.02042482,0.14690584,0.0,0.006536815,0.25998244,0.015763173,0.0,0.15046652,0.055829678,0.0,0.0,0.003735428,0.0,0.0,0.04792963,0.02945824,0.057136536,0.24539557,0.0,0.0,0.26974687,0.0,0.0037070494,0.0,0.0,0.0,0.032256927,0.0,0.13637584,0.0,0.0,0.09502115,0.05680603,0.121699125,0.0,0.20667034,0.0,0.0,0.013033654,0.0,0.0,0.18426427,0.0,0.059965394,0.22732696,0.0,0.0,0.17339173
TCGA-3E-AAAY-01,0.023828257,0.04262598,0.0,0.0,0.0,0.062880866,0.16499628,0.0,0.10440696,0.0,0.0,0.0,0.0107391635,0.034857508,0.035859633,0.0,0.0,0.0,0.0,0.0,0.14733864,0.013019589,0.0,0.0,0.04769283,0.11957143,0.027683724,0.0,0.0,0.0,0.13593075,0.03795789,0.0,0.10230155,0.0,0.04067739,0.037975647,0.0,0.13019234,0.0,0.0,0.0,0.0,0.0,0.031856425,0.020889191,0.0,0.0,0.084060445,0.060526673,0.0,0.01735379,0.064102344,0.0,0.12195014,0.0,0.0017890659,0.1849191,0.014801253,0.0,0.15943377,0.0,0.0,0.12242407,0.31639385,0.0,0.0,0.13956408,0.0,0.17705503,0.0,0.0,0.0,0.0,0.18876801,0.0,0.005383107,0.14279866,0.063607864,0.0,0.0,0.13809174,0.02151758,0.0,0.0,0.0,0.0,0.0,0.038763396,0.0,0.09312935,0.017267872,0.14644061,0.082759224,0.06878906,0.12330956,0.0,0.0,0.18682776,0.0,0.0,0.10264411,0.056873925,0.0,0.036677547,0.15960403,0.081090875,0.0,0.0,0.0,0.0,0.0,0.0070656245,0.0,0.0,0.14219305,0.0,0.0,0.0,0.0,0.0,0.0031222925,0.0,0.0,0.0,0.0,0.0,0.0,0.15947516,0.053827614,0.0,0.0,0.0,0.017501267,0.0,0.0,0.12256627,0.0,0.0,0.0,0.0,0.0,0.021304067,0.0,0.0,0.13626309,0.037577223,0.0,0.0,0.0,0.0,0.12433842,0.031376466,0.04037636,0.08774467,0.03283384,0.0,0.0,0.0,0.20312297,0.07781203,0.0,0.0,0.0,0.0,0.024278188,0.08217598,0.0,0.0,0.14095235,0.051498808,0.0,0.0,0.040299937,0.17347214,0.0,0.0,0.12995584,0.02237119,0.052860685,0.21994169,0.0,0.077257,0.0,0.0,0.0,0.12487086,0.0,0.09098033,0.0,0.0,0.0,0.0,0.0,0.04361252,0.0920744,0.18478051,0.15037726,0.0,0.0
TCGA-3E-AAAZ-01,0.0,0.0,0.0,0.0,0.011928906,0.06197786,0.0,0.0,0.076783314,0.11596398,0.0,0.0,0.15823294,0.0,0.0,0.0,0.0,0.115314394,0.020032272,0.0,0.0,0.0,0.0,0.0,0.24974579,0.089585,0.030575622,0.0,0.039634738,0.027598988,0.0,0.09251499,0.0,0.0,0.0,0.0,0.0,0.0,0.17543955,0.0,0.036946125,0.0,0.0,0.0,0.0,0.046644904,0.0,0.04532748,0.091017716,0.12282045,0.01822737,0.05825646,0.0,0.06066505,0.0011198685,0.0,0.0,0.07162137,0.053575728,0.0,0.08332291,0.0,0.08106172,0.10136268,0.17484388,0.118299685,0.16584975,0.068300664,0.021676628,0.0,0.15960017,0.0,0.0,0.0,0.03835668,0.011204371,0.0,0.0,0.110049225,0.0,0.0,0.0,0.15239146,0.0,0.0,0.0,0.07130662,0.06354397,0.010955147,0.18653291,0.0,0.0,0.0,0.050641194,0.14377667,0.068277575,0.0,0.0,0.16365144,0.0,0.0,0.0,0.051447168,0.0,0.0,0.03044078,0.088143714,0.0,0.17211062,0.0,0.0,0.08488573,0.040916145,0.0,0.0,0.08789494,0.0,0.0,0.0,0.0,0.0,0.01297305,0.052038662,0.0,0.113951445,0.06624026,0.0,0.0,0.07784742,0.0,0.0,0.04233722,0.22334898,0.017614257,0.0,0.0,0.0,0.0,0.0,0.0,0.18361099,0.20672415,0.0,0.0,0.0,0.29288092,0.0020980353,0.0,0.0,0.0,0.0,0.05117892,0.08847418,0.021922335,0.0,0.0,0.0,0.017574996,0.0,0.085632116,0.117890164,0.0,0.0,0.12185298,0.0,0.0,0.0,0.0,0.040419273,0.0,0.06831788,0.0,0.05886796,0.027747866,0.17488943,0.0,0.0,0.0,0.13849117,0.0,0.08999882,0.0,0.037493806,0.0,0.0,0.0,0.0,0.0,0.10912884,0.0,0.028194755,0.0,0.0,0.14616565,0.0,0.10030115,0.21502167,0.076938696,0.0,0.083319075
TCGA-F2-6879-01,0.0,0.11363299,0.0,0.0,6.74778e-05,0.05004721,0.0,0.0,0.0,0.1646148,0.011564329,0.0,0.04100435,0.0,0.0,0.0,0.0,0.13318425,0.0,0.0,0.010276719,0.0,0.015671737,0.07624845,0.0,0.24766219,0.012185684,0.10880446,0.10300877,0.012841187,0.0,0.09728668,0.0,0.03914219,0.0,0.12985374,0.07878621,0.045739114,0.0,0.0,0.089226305,0.0,0.07356056,0.0,0.09784629,0.06738283,0.0,0.0,0.06406882,0.0,0.012819527,0.0,0.0,0.04899724,0.06122381,0.0,0.13405788,0.0,0.11715877,0.07594671,0.02556357,0.0,0.0,0.0052428474,0.15704557,0.0,0.048251066,0.066227205,0.017930506,0.0,0.008468546,0.0,0.0,0.024473254,0.0,0.026378877,0.0,0.0,0.0,0.10335039,0.0,0.19372185,0.0,0.0053530876,0.20347972,0.0,0.0,0.0,0.16546787,0.06452333,0.0,0.0,0.0,0.1086592,0.0,0.0,0.0,0.0,0.14145933,0.0,0.0,0.0,0.0,0.0,0.0,0.0,0.1809704,0.0,0.26163006,0.0,0.0,0.0,0.14889894,0.046298612,0.0,0.0,0.010065207,0.0,0.0,0.0,0.027289415,0.0,0.0,0.0,0.0,0.0,0.0,0.0,0.025617933,0.0,0.0,0.05946501,0.0,0.051880814,0.0,0.0,0.0,0.01419148,0.0,0.0,0.0,0.04912601,0.051061217,0.0,0.0,0.12313266,0.0,0.0,0.0,0.21871129,0.0,0.10000385,0.087082796,0.046741713,0.10991919,0.05821123,0.19411293,0.008141852,0.0,0.0,0.0,0.0,0.054305214,0.004507442,0.0,0.10793426,0.01959085,0.0,0.0,0.061266746,0.0,0.0,0.12389142,0.0,0.033820335,0.039079867,0.0,0.0,0.0,0.0,0.14888248,0.07135563,0.026479905,0.014419556,0.0,0.0,0.1427442,0.06783904,0.0,0.057280026,0.0,0.0,0.0,0.0,0.0,0.24943696,0.31047937,0.015617929,0.0,0.15125412
TCGA-F2-6880-01,0.019971654,0.07830067,0.0,0.0,0.02178595,0.0,0.0,0.0,0.24796736,0.18668391,0.0,0.0,0.0,0.0,0.0,0.074033745,0.0,0.0,0.0235392,0.0,0.0,0.0,0.016267044,0.0,0.0,0.06315587,0.0,0.10195111,0.013589909,0.12336925,0.027395738,0.0,0.0,0.056296937,0.0,0.05150189,0.0,0.0,0.060094297,0.0,0.0,0.0,0.05245926,0.041854646,0.011490972,0.089612044,0.0,0.0,0.0,0.0,0.033110164,0.0,0.028374318,0.27616468,0.16682176,0.0,0.0,0.0029687216,0.003957135,0.0,0.19047597,0.0,0.01731074,0.0,0.09936772,0.0,0.020207226,0.08711436,0.023019183,0.0,0.045050673,0.0,0.0,0.10410216,0.030043006,0.0,0.0,0.0,0.021592556,0.0,0.0,0.18892185,0.06761675,0.0012467296,0.0,0.0,0.0,0.0693291,0.12729855,0.0,0.0,0.0,0.0,0.19655925,0.0,0.09315692,0.0,0.0,0.050892707,0.0,0.0,0.0,0.0,0.015807146,0.0,0.16172445,0.0,0.0,0.059657164,0.0076280823,0.0,0.0,0.0,0.010053249,0.0,0.049968913,0.0,0.0,0.0,0.0,0.0,0.0,0.0,0.06513042,0.07249007,0.0,0.017947348,0.0,0.108117804,0.14746836,0.0,0.04650482,0.0,0.14715752,0.0,0.0,0.20637622,0.0,0.0,0.093203194,0.0,0.20092951,0.094946474,0.0,0.0010558665,0.10779127,0.0,0.0,0.00055384426,0.007945711,0.0,0.3620841,0.022518191,0.0023559085,0.09337846,0.14474893,0.22770582,0.0,0.0,0.11265203,0.0,0.0,0.0,0.02237939,0.0,0.05060384,0.0,0.0,0.0,0.011100511,0.0,0.0015187509,0.0,0.0,0.011078065,0.0,0.034314245,0.04232984,0.04438511,0.0,0.05380451,0.0,0.05075377,0.0,0.0,0.0,0.107067175,0.11469288,0.004936723,0.0,0.0,0.0,0.0,0.08947034,0.0,0.07553296,0.24117528,0.0,0.0,0.05648152
TCGA-F2-7273-01,0.12311454,0.0,0.0,0.0,0.07481269,0.02317543,0.050463952,0.0,0.0,0.06690799,0.0,0.0,0.09330202,0.0,0.0,0.14874086,0.0,0.058694184,0.00690678,0.0,0.20592509,0.14572017,0.053175855,0.029254511,0.07642935,0.109741665,0.03367878,0.0,0.0544319,0.008020629,0.018069705,0.0,0.0,0.09162796,0.0,0.0,0.1753781,0.0,0.19047096,0.0,0.0,0.0,0.25994805,0.08155919,0.0,0.12612142,0.0,0.02108875,0.19672519,0.0,0.13227718,0.11353037,0.05437535,0.0,0.09988021,0.0,0.0026469966,0.10247379,0.113663524,0.017834019,0.12003475,0.0,0.010717492,0.14088112,0.09828027,0.0,0.122998446,0.04144192,0.0,0.0,0.0,0.0,0.0,0.0,0.08911324,0.08660641,0.0,0.0,0.086908594,0.050509904,0.0,0.0,0.13792808,0.0,0.0,0.0,0.0,0.0,0.051510215,0.0,0.0503039,0.0,0.096346006,0.10284769,0.0,0.037155412,0.0,0.0,0.18927401,0.0,0.0,0.0,0.0,0.0,0.018083278,0.0,0.1024825,0.0,0.016644316,0.0,0.0,0.1282579,0.0,0.16164453,0.0,0.06311503,0.0,0.0,0.0,0.0,0.0,0.0,0.0,0.0,0.03858859,0.0,0.0,0.0,0.25283864,0.12571405,0.0,0.0,0.0015750084,0.05711419,0.0,0.0145187555,0.0,0.035893403,0.0,0.0,0.0,0.101443864,0.10788205,0.0,0.0,0.20212963,0.0016483541,0.0,0.064309135,0.0385432,0.0,0.08499781,0.0,0.07794325,0.06289255,0.06986534,0.03495908,0.010772958,0.0,0.112989224,0.0,0.0,0.035296567,0.0,0.0,0.0,0.0,0.0,0.080053434,0.11013876,0.0,0.0,0.043350823,0.008649321,0.025487356,0.0,0.0,0.05011305,0.0,0.03790084,0.26451126,0.004971555,0.03293298,0.034085028,0.0,0.0,0.15833683,0.018487882,0.07030434,0.0,0.029008964,0.0,0.0,0.029700024,0.0,0.16541272,0.04050333,0.0,0.0,0.015504734
TCGA-F2-7276-01,0.13855085,0.037655212,0.00025030368,0.0,0.086721934,0.0,0.025691852,0.058419317,0.0,0.14767767,0.0,0.0,0.0974559,0.0018298469,0.0,0.0,0.0,0.07155106,0.0,0.0,0.15039308,0.020196091,0.016344499,0.0,0.009546861,0.11414804,0.15293373,0.0,0.1638617,0.05862101,0.0830345,0.032292064,0.0,0.0904189,0.0,0.07695543,0.19738203,0.0047368,0.061145198,0.0,0.02568011,0.0,0.083649926,0.0036839403,0.0,0.0,0.0,0.0,0.0633831,0.069148846,0.16516471,0.0,0.08719478,0.0,0.0,0.0,0.0,0.15907417,0.13216314,0.0,0.19218029,0.0,0.011542191,0.09148829,0.032740578,0.0,0.0121799875,0.0,0.0,0.018854316,0.063946456,0.0,0.0,0.027122712,0.15730602,0.06355492,0.0018914881,0.0,0.0,0.0,0.0,0.056274053,0.2754015,0.0,0.0,0.0,0.032494616,0.0035628334,0.0,0.052051272,0.1765201,0.0,0.10218606,0.20284784,0.0,0.18002968,0.15536956,0.0,0.0011621234,0.0,0.0,0.0,0.0,0.0,0.010426609,0.0,0.10765877,0.0,0.042639025,0.0,0.0,0.036626983,0.0,0.16966014,0.0158195,0.10508671,0.0,0.0,0.03177878,0.12607917,0.04630267,0.0,0.0,0.002826841,0.04630082,0.0,0.10300036,0.0,0.18497822,0.028944414,0.0,0.0,0.0,0.09554468,0.0,0.0,0.0,0.0,0.0,0.020511473,0.0,0.0,0.0933495,0.0,0.0,0.1924648,0.01081857,0.0,0.0,0.0,0.0,0.0,0.074506685,0.1234073,0.12159627,0.1407445,0.027901484,0.0,0.0,0.15945724,0.0,0.0,0.007103073,0.0,0.0,0.0,0.1137913,0.010125484,0.026314395,0.026082821,0.0,0.0,0.0,0.0,0.0,0.0,0.0,0.028822493,0.0,0.0,0.13430978,0.0,0.15614137,0.030804744,0.051093653,0.0,0.06949259,0.16754736,0.018104669,0.0,0.045455575,0.0,0.0,0.07814012,0.0,0.13485833,0.0,0.0,0.0,0.0
TCGA-F2-A44G-01,0.13019139,0.1409777,0.0,0.0,0.0,0.08870933,0.0,0.043231882,0.0,0.13523613,0.068056226,0.03886387,0.19815262,0.0,0.0,0.010511642,0.0,0.0600413,0.0,0.0,0.06649421,0.2679631,0.0,0.0,0.038052224,0.06725633,0.055138238,0.0,0.0,0.13540716,0.0,0.05817114,0.0,0.03629622,0.0,0.08443026,0.13027623,0.06757995,0.0,0.0,0.0,0.0,0.24963185,0.022313094,0.09495541,0.08185993,0.0,0.0,0.038990013,0.0,0.0,0.0,0.09851346,0.041276075,0.19811873,0.0,0.0,0.0,0.0,0.0843126,0.05542532,0.0,0.0,7.777354e-05,0.12070339,0.07463434,0.030289363,0.0,0.0,0.0,0.0,0.0,0.0,0.1434817,0.0,0.0,0.0,0.0,0.0,0.0,0.0,0.0,0.005683514,0.15220101,0.0,0.0,0.0,0.0,0.15888643,0.0,0.0,0.0,0.0033515443,0.052954257,0.000800411,0.017108096,0.0062581766,0.0,0.14448723,0.0,0.0,0.0,0.0,0.0,0.11308398,0.032110795,0.07235562,0.0,0.11123769,0.0,0.0,0.0,0.0,0.03569445,0.059791002,0.0,0.0,0.0,0.0,0.0,0.0,0.0,0.0,0.0,0.0,0.012308088,0.034134436,0.0,0.0859719,0.0,0.0,0.0,0.0,0.05519129,0.0,0.0,0.0,0.0,0.0,0.0,0.0,0.0,0.0,0.0,0.0,0.0498865,0.0,0.0,0.012277857,0.0,0.0,0.0,0.04703351,0.07449677,0.0,0.027527548,0.18750316,0.0,0.0,0.0,0.031341307,0.07697666,0.0,0.21932447,0.0,0.0,0.0,0.026443742,0.0,0.0,0.0,0.0,0.28454432,0.0002954957,0.0,0.04903138,0.0,0.0,0.019883823,0.0416408,0.17829221,0.0,0.103656046,0.0,0.11528506,0.0,0.16234347,0.28518778,0.024598049,0.016569557,0.0,0.0,0.0,0.11735495,0.13129945,0.17263061,0.1470116,0.067653075,0.0,0.08445587
TCGA-F2-A44H-01,0.0,0.021869905,0.0,0.0,0.034926154,0.0,0.0,0.016280586,0.0,0.0,0.0,0.0,0.09860012,0.0,0.0,0.002106075,0.0,0.0,0.0,0.0024867246,0.02388145,0.0,0.0,0.0,0.0,0.19860536,0.08018015,0.0,0.08806573,0.1267806,0.028226735,0.017550945,0.0,0.0887265,0.0,0.017972173,0.008001521,0.087213956,0.06280467,0.0,0.025857609,0.0,0.0,0.005739654,0.0,0.08346371,0.0,0.0,0.0,0.117441185,0.01045732,0.18053493,0.0,0.0,0.017392298,0.0,0.030803341,0.0006569478,0.065227255,0.0,0.01061539,0.04456436,0.01436479,0.115146525,0.21006408,0.040563162,0.0,0.036649738,0.08764746,0.0,0.0,0.0,0.0,0.1328741,0.0,0.0,0.20201844,0.21073295,0.0,0.0,0.0,0.12527777,0.0,0.0,0.0,0.0,0.0,0.0,0.0,0.1991124,0.0,0.0,0.0,0.11482486,0.0,0.0,0.010706978,0.0,0.25711223,0.0,0.0,0.0,0.0953279,0.0,0.0,0.14478296,0.12873349,0.0,0.12064638,0.0,0.06828552,0.0,0.0,0.021768296,0.0,0.1723136,0.0,0.0,0.03677832,0.058265835,0.0,0.0,0.0,0.0,0.0,0.0036934277,0.1385179,0.0,0.2119202,0.106011905,0.0,0.0,0.15198343,0.03745569,0.0,0.11814485,0.0,0.0,0.0,0.0,0.0,0.32690784,0.0,0.0,0.0,0.09707839,0.0,0.08385085,0.17524672,0.0,0.0,0.03338937,0.028868953,0.0096509615,0.08490585,0.03515365,0.13085565,0.0,0.0,0.13636015,0.12168486,0.0,0.0,0.0,0.0,0.0,0.0,0.0,0.006473277,0.0,0.028889062,0.0,0.0,0.0,0.03887157,0.0,0.0,0.0,0.0061245807,0.0,0.18925667,0.0,0.13372527,0.0,0.0,0.0,0.0,0.0,0.05573271,0.0,0.0,0.0,0.0,0.08975988,0.0,0.09963319,0.15046832,0.0,0.0,0.0
TCGA-F2-A7TX-01,0.0,0.22432108,0.0,0.0,0.0,0.0,0.0,0.0,0.018056683,0.020732785,0.0,0.0,0.0,0.0,0.0,0.0,0.0,0.034157876,0.0,0.0,0.1215038,0.0,0.0,0.0,0.07375651,0.05270399,0.0,0.0,0.024355687,0.15194036,0.0,0.0,0.0,0.023969188,0.022345854,0.09415384,0.005291081,0.0,0.052796226,0.0,0.0,0.0,0.17313488,0.031485487,0.0,0.103340924,0.0,0.111059636,0.0,0.0,0.013980091,0.0,0.0,0.1985236,0.10735832,0.0,0.0016988898,0.14401928,0.020314978,0.0,0.0,0.0,0.034442507,0.07443583,0.03842886,0.022516083,0.071423545,0.0,0.110732116,0.0,0.0,0.0,0.0,0.14688061,0.088829756,0.0,0.0,0.0,0.018609898,0.0,0.0,0.26574498,0.148994,0.0,0.14769393,0.0,0.033378564,0.16840369,0.0,0.0,0.0,0.0,0.0,0.20526502,0.09785445,0.0030211618,0.09748772,0.0,0.034258872,0.0,0.0,0.0,0.0,0.0,0.0,0.067763254,0.015255825,0.0,0.16848342,0.0,0.0,0.0,0.0,0.018640965,0.0,0.0068067657,0.11870281,0.0,0.016902093,0.07713945,0.053098734,0.0,0.0,0.0,0.0,0.0,0.0,0.0,0.30458057,0.012638215,0.10012734,0.024379076,0.033140775,0.14059116,0.0,0.0,0.10268453,0.0,0.0,0.0,0.0,0.0,0.0,0.026183834,0.0,0.056339484,0.17183742,0.0,0.014851476,0.0,0.025647016,0.042698447,0.0,0.06309106,0.1039224,0.07478439,0.040465802,0.0,0.0,0.14354083,0.25115013,0.0,0.0,0.05021626,0.0,0.0,0.071164705,0.0,0.0,0.047314387,0.0,0.0,0.07871692,0.0,0.18704303,0.0,0.0,0.0055397395,0.050880544,0.0,0.104678474,0.0,0.0,0.0,0.0,0.0,0.12362263,0.03727379,0.16523196,0.0,0.0,0.0,0.04535951,0.00333122,0.0,0.08682009,0.21721071,0.029204048,0.0,0.0
TCGA-F2-A8YN-01,0.0,0.08683082,0.0,0.0,0.0,0.2238265,0.0,0.04644962,0.04188915,0.061626576,0.058476806,0.004895434,0.12592648,0.0,0.0,0.0,0.08933194,0.14507663,0.0,0.0,0.021813607,0.0,0.011813699,0.0,0.021929132,0.20092297,0.023282265,0.24624647,0.058367815,0.026054949,0.0,0.030306803,0.0,0.06885607,0.0,0.028166387,0.25799915,0.0,0.0,0.0,0.0,0.0,0.11489708,0.0,0.0,0.14860752,0.0,0.046853505,0.041444167,0.1041975,0.06533418,0.0,0.0,0.10813654,0.08922337,0.0,0.01827714,0.052118886,0.026917893,0.0,0.0,0.0,0.13465506,0.0,0.11364615,0.0,0.0,0.069651365,0.0,0.057975594,0.0,0.050994344,0.0,0.15149204,0.0,0.0,0.0,0.0,0.0,0.07211752,0.0,0.0,0.0014782383,0.024143837,0.0547613,0.0,0.09456036,0.0,0.12065383,0.15082152,0.039258976,0.0,0.11459044,0.031820215,0.023679866,0.107079,0.0,0.0,0.07173454,0.0,0.0,0.14583509,0.0072563025,0.0,0.0,0.009393245,0.14875792,0.0,0.0,0.0,0.0,0.0,0.0,0.021562118,0.06770654,0.13753906,0.10370765,0.0,0.10451375,0.0,0.0,0.0,0.0,0.0,0.019112688,0.04257645,0.0,0.0,0.018866524,0.0,0.0,0.12897518,0.0058505274,0.012355255,0.0,0.0,0.10599125,0.0,0.0,0.0,0.0,0.06598836,0.0,0.0,0.0,0.20980233,0.11024231,0.0,0.0,0.034130935,0.0,0.0,0.12879889,0.0,0.0,0.003989054,0.1057011,0.01702726,0.038248934,0.09625436,0.05441199,0.0,0.0,0.05715544,0.0,0.06798682,0.0,0.0,0.014338178,0.0644287,0.0,0.0,0.15186064,0.0,0.112657905,0.0,0.0,0.11874827,0.01675967,0.09428548,0.23687857,0.0,0.014662708,0.03235272,0.0,0.0,0.24813877,0.031795014,0.02740171,0.0,0.120419644,0.004792715,0.04122403,0.024664026,0.0,0.16591604,0.106050774,0.0,0.0,0.072944656
TCGA-FB-A4P5-01,0.18817295,0.050716314,0.0,0.0,0.05641666,0.0,0.006210969,0.12347256,0.102063,0.052981284,0.021402717,0.032295965,0.20929895,0.0,0.0,0.022663666,0.0,0.0,0.0,0.0,0.13527945,0.0,0.1145548,0.05295221,0.008401394,0.10603578,0.062257107,0.0016840794,0.0,0.0044356305,0.0,0.04004205,0.0,0.12845708,0.0,0.015000571,0.09303355,0.06262039,0.053817034,0.0,0.0,0.05072689,0.16906103,0.0,0.0,0.15530658,0.0,0.0,0.0,0.034622993,0.13678229,0.055619907,0.061542045,0.012236998,0.0,0.0,0.11959046,0.08473052,0.055594034,0.025410194,0.11939536,0.0,0.0013519375,0.064407974,0.018052813,0.0,0.0,0.0,0.0,0.033518523,0.0,0.0,0.0,0.0,0.0,0.069912486,0.0,0.0,0.0,0.0,0.0,0.0,0.045795448,0.0,0.048774403,0.0,0.0,0.0,0.14120388,0.0,0.024375083,0.02463173,0.2598671,0.105659515,0.0,0.0,0.0116992425,0.0,0.087357566,0.0,0.03406419,0.0071835173,0.097695895,0.0,0.0,0.0,0.05042948,0.0,0.13143292,0.013702223,0.0,0.0,0.0,0.07997039,0.0,0.0,0.0,0.0,0.003394825,0.003128344,0.0,0.08938777,0.0,0.0,0.0,0.0,0.013430267,0.0,0.2086703,0.0,0.0,0.011391066,0.0,0.083615504,0.0,0.0,0.0020448272,0.0,0.0,0.019107807,0.0,0.039111625,0.089786254,0.0,0.0,0.17276889,0.04320568,0.0,0.0,0.0,0.0,0.0,0.015765106,0.2236962,0.0,0.16573161,0.14925198,0.0,0.09981744,0.012787205,0.0,0.019994704,0.069646284,0.029826468,0.0,0.0,0.0,0.08429621,0.0,0.06697484,0.016061688,0.07790681,0.26177955,0.0,0.1530936,0.0,0.0,0.071543194,0.024450403,0.070797265,0.22088832,0.0,0.04283415,0.0,0.006158308,0.0,0.19960088,0.006055681,0.027293434,0.020157903,0.0,0.0,0.0,0.014033723,0.012740885,0.12296443,0.2703503,0.03983286,0.0,0.02369693
TCGA-FB-A545-01,0.0,0.0,0.0,0.0,0.0,0.06169044,0.0783171,0.05711085,0.05587759,0.016113758,0.03225276,0.06434525,0.0,0.032983784,0.0,0.00029114092,0.0,0.045814697,0.0,0.0023153715,0.0,0.09675077,0.023734467,0.13482851,0.0,0.25332147,0.05255378,0.0,0.080543436,0.050293673,0.0,0.13967012,0.0,0.0,0.028300285,0.0,0.13106029,0.046470568,0.07115728,0.0,0.0,0.0,0.0,0.0,0.11079435,0.11350394,0.0,0.074498765,0.0968954,0.018810404,0.04684432,0.013757766,0.17277725,0.16001411,0.27150175,0.0,0.0,0.10842422,0.057838444,0.0,0.0,0.0,0.0007603992,0.0,0.0,0.0,0.0,0.026174271,0.0,0.042729642,0.0322233,0.0,0.031379174,0.0,0.0,0.0,0.0,0.0,0.0,0.0,0.0,0.15555319,0.0,0.0,0.13044824,0.0,0.010281033,0.0,0.0,0.14709866,0.065123424,0.0,0.039829224,0.19491103,0.05513495,0.016961342,0.0,0.0,0.15401563,0.042296376,0.0,0.0,0.0,0.0,0.08401654,0.01719815,0.0,0.0,0.006170962,0.0,0.0,0.0034135669,0.0,0.09561323,0.0,0.0,0.0,0.0,0.0,0.0,0.0,0.0,0.0,0.0,0.0,0.0,0.0,0.0,0.14227852,0.26111275,0.0,0.0,0.0,0.0,0.0,0.0,0.0,0.028094513,0.0,0.0,0.0,0.22566353,0.12074161,0.0113169085,0.0,0.12016868,0.0,0.0,0.0,0.05287603,0.0,0.05458313,0.057884477,0.0,0.051007252,0.08105151,0.17645279,0.02165488,0.030899754,0.12631008,0.0,0.00682255,0.0,0.0,0.010603451,0.038629144,0.0,0.014348308,0.0,0.066317,0.0,0.0,0.13295516,0.0,0.010277442,0.019962821,0.01524718,0.0,0.02336176,0.0,0.1354097,0.0,0.14975837,0.11954494,0.0,0.09169322,0.026226416,0.094929405,0.0,0.06071744,0.0,0.0,0.10780107,0.0,0.0,0.020195935,0.2997387,0.01407105,0.0,0.20556606
TCGA-FB-A5VM-01,0.0,0.06266372,0.0,0.0,0.0,0.0,0.0,0.0,0.14994217,0.0,0.0,0.0,0.032914843,0.0,0.0,0.0,0.0,0.14582504,0.0,0.0,0.0,0.039730202,0.0,0.0145695135,0.06896755,0.1378643,0.0,0.06576106,0.0,0.0,0.06512859,0.0,0.07440483,0.0,0.0,0.0,0.0,0.0,0.08310344,0.0,0.0,0.0,0.26558453,0.02388015,0.12573953,0.08279586,0.0,0.0,0.20776233,0.029902374,0.054956865,0.0,0.08534376,0.035100386,0.1433587,0.0,0.0,0.17436135,0.0,0.0,0.15825927,0.0,0.018055461,0.08155099,0.11245264,0.0,0.0,0.010948433,0.11554832,0.0,0.0039960877,0.0,0.0,0.14503147,0.024081312,0.0,0.020865625,0.016393531,0.0,0.0,0.0,0.0822271,0.07757641,0.0,0.0,0.0,0.1196499,0.0,0.062515765,0.238658,0.0,0.0,0.084630795,0.08184639,0.12236324,0.048195813,0.0,0.021548398,0.06785556,0.0,0.037233375,0.018180488,0.0,0.0,0.09284544,0.12825193,0.07544766,0.12403893,0.0,0.0,0.0,0.0,0.0,0.020223303,0.07387981,0.0,0.14293185,0.0,0.083797365,0.041344475,0.059302222,0.0,0.0,0.0,0.0,0.0,0.0,0.0,0.07390741,0.12363214,0.0,0.0,0.10151251,0.0,0.0,0.0,0.058420762,0.012802643,0.0,0.0,0.00013588417,0.0,0.019514956,0.0,0.0,0.1504053,0.0893529,0.0,0.104128346,0.0,0.22737613,0.0,0.0,0.082987264,0.07449929,0.0,0.10204429,0.007458604,0.25777754,0.04596493,0.011487755,0.0,0.0,0.15879434,0.0,0.011650044,0.0,0.03326194,0.0,0.079220675,0.019114492,0.0,0.21841104,0.0,0.068710454,0.0,0.0,0.03992602,0.14907442,0.0,0.16517192,0.0,0.0,0.0072444,0.0,0.035287425,0.0,0.07802432,0.0,0.0,0.0,0.0,0.14929657,0.05049357,0.0,0.048423808,0.13578196,0.062487405,0.0,0.0
TCGA-FB-A78T-01,0.0,0.0,0.0,0.0,0.0,0.09765008,0.0,0.12958902,0.0,0.0,0.08231464,0.0,0.0,0.11547838,0.0,0.0,0.022943696,0.0,0.04131787,0.0,0.0,0.0,0.0,0.0,0.0,0.13657866,0.12166073,0.0,0.022433477,0.24877165,0.0,0.14938296,0.0,0.06477302,0.0014081966,0.0,0.17411566,0.0610861,0.05456151,0.0,0.07747573,0.0,0.0,0.047948737,0.015911408,0.1743837,0.0,0.0,0.16471136,0.0,0.042212464,0.017497493,0.062173024,0.23252511,0.047810286,0.0,0.09970532,0.097550996,0.09603355,0.0,0.0,0.0,0.074679546,0.0,0.0,0.17674895,0.0,0.0,0.0,0.020857075,0.0,0.09543946,0.0,0.13522519,0.13434039,0.0,0.026710603,0.0,0.12769423,0.0,0.0,0.19055425,0.0011910958,0.0,0.0,0.0,0.0059958408,0.0,0.0,0.0,0.13918069,0.0,0.025494639,0.10497336,0.15110788,0.0,0.0,0.021906998,0.15316385,0.0,0.0,0.0,0.107622616,0.0,0.15000758,0.027894674,0.22381128,0.0,0.0,0.0,0.0,0.034731112,0.0,0.0,0.0,0.06043607,0.13448517,0.0,0.0034456174,0.0,0.0,0.0,0.0,0.05763323,0.0,0.0,0.0,0.029140482,0.0,0.0,0.0,0.0,0.0067984764,0.081058934,0.0,0.0536681,0.04951749,0.011484695,0.0,0.0,0.0,0.20583434,0.06304807,0.0,0.0,0.22377867,0.08696859,0.0,0.02365755,0.0,0.0,0.070781,0.08148516,0.0,0.040357728,0.054888442,0.10683381,0.022332707,0.0,0.007437906,0.07901633,0.0,0.0,0.0,0.0,0.0,0.0,0.0,0.0,0.0,0.0,0.0,0.02861061,0.0,0.0,0.0,0.0,0.17526847,0.18176317,0.0,0.16737843,0.0,0.061234523,0.0,0.0012948149,0.050331865,0.12219501,0.009191604,0.0,0.026584385,0.022527158,0.0,0.0,0.11566184,0.12481713,0.03223262,0.11154772,0.0,0.0,0.015297029
TCGA-FB-A7DR-01,0.0017961764,0.0,0.0,0.0,0.11248188,0.0,0.0,0.0,0.05150065,0.0445103,0.04333305,0.030893382,0.057811197,0.0,0.0,0.04797598,0.028129466,0.08899875,0.037076116,0.017004859,0.03314548,0.11349789,0.0578365,0.10140853,0.0715183,0.26089352,0.17561412,0.010555502,0.10644515,0.0,0.049571905,0.0,0.0,0.08211191,0.0,0.14606133,0.090981744,0.0,0.25632837,0.0,0.0,0.0258304,0.12404373,0.0,0.0,0.087959625,0.0,0.06287213,0.19403228,0.027317824,0.032588024,0.1574628,0.17893304,0.0,0.007820325,0.0,0.091641605,0.08818792,0.0982261,0.0,0.105138995,0.0,0.036415707,0.15240431,0.11169622,0.0,0.04259384,0.06349131,0.0,0.0,0.0,0.0,0.0,0.0,0.0,0.072124936,0.0,0.0,0.0,0.0,0.0,0.018316057,0.06273193,0.0,0.019841151,0.0,0.0,0.0,0.045558937,0.039846312,0.027370272,0.0,0.115696,0.22934751,0.19514129,0.09085004,0.0,0.0,0.15805693,0.0,0.0,0.0059725977,0.0,0.027617913,0.0,0.0,0.039074477,0.0,0.0,0.0,0.002131194,0.06580306,0.0,0.093860224,0.0,0.07182649,0.0,0.0,0.0,0.037312556,0.0,0.0,0.0,0.0,0.0,0.0,0.07453486,0.0,0.1028518,0.11935616,0.0,0.0,0.12767886,0.0,0.0,0.0,0.0,0.0,0.0,0.0,0.0,0.008154777,0.08771777,0.0,0.0,0.19454178,0.0,0.0,0.0,0.0,0.04563332,0.09778844,0.009981973,0.0,0.070407555,0.055276677,0.04709903,0.085236914,0.15933673,0.081949405,0.0,0.0,0.0,0.0,0.0,0.0,0.08601306,0.0,0.0,0.18793187,0.0,0.0,0.10843445,0.0,0.031158172,0.0,0.0,0.0,0.07586118,0.053708993,0.18656942,0.0,0.03766932,0.0,0.0,0.0,0.05921717,0.15110536,0.10313653,0.0,0.09148694,0.0,0.0,0.06853428,0.0,0.0792004,0.12511076,0.014037865,0.0,0.11283799
TCGA-FB-AAPP-01,0.0,0.0062723854,0.0,0.0,0.0,0.01329756,0.0,0.0,0.07227533,0.03930148,0.07787783,0.021594292,0.0,0.0,0.0,0.02055316,0.0,0.022641039,0.03216092,0.0,0.0,0.08838341,0.0,0.040179897,0.0,0.19292332,0.02397323,0.0,0.108530395,0.0040883566,0.0,0.0059636333,0.0,0.0,0.04043496,8.529699e-05,0.010454128,0.0035636008,0.12215793,0.0,0.0,0.0,0.0,0.0,0.0,0.18136385,0.0,0.0,0.11046708,0.0,0.020049708,0.0,0.04964875,0.28611186,0.10194417,0.0,0.041274127,0.0621826,0.14480339,0.013626005,0.15651797,0.0,0.050068855,0.0,0.0,0.015828574,0.023331406,0.0,0.03991693,0.05637817,0.0,0.0,0.0,0.0,0.0,0.0,0.0,0.0,0.0,0.0,0.0,0.13600613,0.0,0.0,0.071889415,0.0,0.0,0.0,0.0,0.0,0.066499576,0.0,0.0,0.17256084,0.24739833,0.0,0.0,0.0,0.089807905,0.013145829,0.0,0.0,0.0,0.04499918,0.0,0.0,0.0,0.0,0.038532525,0.0,0.0,0.0,0.0,0.0,0.0,0.0,0.03168861,0.0,0.05554599,0.037671782,0.0,0.15755153,0.0,0.0,0.0,0.0,0.0,0.0,0.0,0.008832071,0.0,0.0,0.0,0.041719504,0.0,0.0,0.0,0.06902384,0.0,0.033835866,0.0,0.17542972,0.0,0.019125694,0.0,0.19803242,0.042183284,0.0,0.0,0.0,0.0,0.0,0.0,0.0,0.0,7.6206684e-06,0.1848364,0.092847385,0.1076241,0.0,0.0,0.0,0.0,0.0,0.0,0.0,0.0,0.0,0.0,0.123025544,0.0,0.026376503,0.19790763,0.11481893,0.0,0.0,0.0,0.0,0.0,0.0,0.18093641,0.0,0.113711424,0.0040277117,0.0,0.00875638,0.12097822,0.24280062,0.0,0.0,0.042298518,0.0,0.0,0.07286798,0.13037185,0.060819663,0.28710246,0.09325258,0.0,0.3277805
TCGA-FB-AAPQ-01,0.0,0.16331193,0.0,0.0,0.06837165,0.005409024,0.0,0.0,0.0,0.14035402,0.0,0.032609563,0.009918211,0.0,0.0,0.05226417,0.0,0.18583135,0.021028694,0.0,0.0,0.0,0.0,0.0,0.08051212,0.14170478,0.1100957,0.0,0.0,0.07930647,0.0519651,0.029121393,0.0,5.6343615e-06,0.099925,0.24689986,0.19273567,0.0,0.08881026,0.0,0.0,0.0,0.18463911,0.0,0.03148635,0.0,0.0,0.07268189,0.04752941,0.0,0.059754346,0.0126885995,0.013404657,0.14104193,0.026947934,0.0,0.038184084,0.23935854,0.09394484,0.16511706,0.015394111,0.0,0.08515592,0.0,0.097909346,0.0,0.039179794,0.12703821,0.0485757,0.036980502,0.0,0.0,0.1502112,0.041622248,0.0,0.06961813,0.0,0.0,0.0,0.0,0.0,0.23698978,0.0,0.0,0.10454371,0.0,0.03616541,0.0,0.0,0.0,0.12154164,0.0,0.00035227928,0.080309,0.29016075,0.033894192,0.0,0.0,0.078256026,0.0,0.0,0.0,0.0,0.09499414,0.0,0.0,0.06932315,0.0,0.087055326,0.0,0.0,0.09573688,0.0032967702,0.02066043,0.0,0.0,0.0,0.0,0.06259843,0.18503898,0.0,0.04153088,0.0,0.0,0.0,0.0,0.008958895,0.0,0.10366667,0.0,0.0,0.0,0.006353926,0.0,0.0,0.0,0.0,0.011225608,0.0,0.057220515,0.0,0.0035915666,0.0,0.0,0.08242713,0.18755342,0.0,0.0,0.16522762,0.0,0.0,0.073149,0.05987574,0.069270305,0.0,0.0,0.027052103,0.0029964116,0.0,0.0,0.0,0.0,0.0,0.13744655,0.0,0.0,0.008173343,0.05564713,0.0,0.17034064,0.0,0.0,0.0535045,0.14051324,0.05020828,0.0,0.0,0.0,0.0,0.0,0.18079226,0.0,0.021485731,0.010711714,0.10755901,0.043103322,0.15685108,0.04316434,0.0,0.0,0.087831825,0.0,0.0,0.0,0.0,0.08069077,0.0,0.0,0.0,0.048533406
TCGA-FB-AAPS-01,0.04788295,0.050718043,0.0,0.0,0.0,0.0071779424,0.078926474,0.07323111,0.0,0.0,0.0,0.0,0.01725279,0.0,0.046128258,0.23616166,0.0,0.04542644,0.0,0.0,0.14527266,0.0,0.045646947,0.0049218787,0.01873796,0.095901355,0.0795902,0.0555057,0.0,0.124526985,0.02723693,0.02888153,0.0,0.10099967,0.0,0.0,0.09508454,0.022003591,0.08042187,0.0,0.01595985,0.0,0.16908376,0.0,0.0,0.081992656,0.0,0.013656426,0.09381834,0.19474727,0.04142129,0.0,0.20987123,0.0,0.13269453,0.0,0.096530445,0.010942694,0.19470142,0.0,0.0030540903,0.0,0.0,0.110840686,0.0,0.0,0.0,0.0,0.0,0.062843315,0.0,0.0,0.0,0.06654287,0.05549613,0.0,0.0,0.0,0.0,0.0,0.0,0.09767119,0.18285157,0.0,0.0,0.0,0.0,0.0,0.005415806,0.0,0.0945001,0.026442593,0.13277543,0.09204676,0.18818754,0.111888036,0.091178216,0.0,0.20518133,0.0,0.058891386,0.0,0.0,0.0,0.07757045,0.061348446,0.008201966,0.0,0.12608905,0.0,0.0,0.021024713,0.0,0.06333812,0.036082547,0.0,0.0,0.0,0.0,0.028063055,0.033818625,0.0,0.0,0.0,0.0,0.0,0.0,0.0,0.08972825,0.036354646,0.08794451,0.0082461815,0.00073809683,0.0,0.0,0.0,0.09799875,0.0,0.0,0.027968995,0.036297806,0.006390603,0.02605128,0.0,0.0,0.26789373,0.06292885,0.02980961,0.04703435,0.0,0.0,0.0,0.14731416,0.20093258,0.017258324,0.03962396,0.0806523,0.0,0.0,0.093699135,0.099470735,0.12130571,0.0,0.016630072,0.0,0.0,0.07724305,0.0,0.0,0.0012457994,0.0,0.0,0.0,0.0,0.051658023,0.0,0.0,0.07581459,0.20869239,0.0,0.21118358,0.0,0.048942324,0.079906434,0.0,0.048294947,0.11627528,0.0,0.0,0.0015365197,0.02197523,0.0,0.023282018,0.0,0.0063062934,0.21568121,0.13893643,0.0,0.0,0.015723491
TCGA-FB-AAPU-01,0.0,0.049141765,0.0,0.0,0.12909739,0.0,0.0,0.042532854,0.0,0.04667114,0.03202083,0.03591341,0.0,0.0,0.022366848,0.0,0.0,0.09563338,0.03336941,0.0,0.0,0.06476879,0.0344683,0.0,0.047991794,0.16339903,0.0,0.10916671,0.06572951,0.13854198,0.0,0.0,0.0,0.034658242,0.0,0.136252,0.086365074,0.11590834,0.08679744,0.045234375,0.021123048,0.0,0.20613995,0.0,0.015285883,0.02236563,0.0,0.014686384,0.03259308,0.09832715,0.0,0.106425844,0.0,0.32687494,0.07414277,0.0,0.032722257,0.164981,0.04638712,0.0,0.11494939,0.0,0.1589867,0.030643053,0.23344421,0.0,0.19810626,0.0,0.0045121675,0.0,0.06737674,0.0,0.08052394,0.020166729,0.0,0.0,0.0,0.0,0.062431645,0.0,0.0,0.14254354,0.0,0.0,0.0060539343,0.0,0.06661915,0.0,0.050615698,0.04787912,0.0,0.0,0.0,0.09431676,0.019477963,0.056681503,0.0,0.0,0.18752597,0.0,0.0,0.0,0.0,0.013286702,0.0,0.112822615,0.05300817,0.048801918,0.15483679,0.0,0.0,0.0,0.0,0.0,0.0,0.0,0.030764308,0.0,0.0,0.0,0.0,0.0,0.011997945,0.0,0.0,0.0,0.019649778,0.04425707,0.0,0.021866592,0.08148665,0.0,0.06861398,0.017997695,0.0,0.0,0.009191282,0.0,0.0,0.0,0.0,0.03822395,0.0,0.0,0.05754058,0.20484334,0.0,0.0,0.0,0.05047589,0.0,0.117815696,0.0,0.03062849,0.01476665,0.0402275,0.105796374,0.10044182,0.0,0.0,0.0,0.0,0.0,0.0361915,0.0,0.07305603,0.016789466,0.0,0.0,0.1533435,0.021716978,0.0,0.052159198,0.06781559,0.05664145,0.0,0.0,0.08628046,0.10612657,0.0,0.17341594,0.0,0.0,0.15139422,0.0,0.0,0.15288392,0.027514579,0.0,0.0,0.0,0.05411238,0.17488948,0.0,0.031474084,0.091063395,0.2510273,0.0,0.0,0.14561245
TCGA-FB-AAPY-01,0.0,0.14283878,0.0,0.0,0.0,0.21336012,0.0,0.0,0.0,0.0,0.11596613,0.0,0.0,0.066382684,0.0,0.11158306,0.0,0.06567344,0.0,0.0,0.0,0.0,0.0,0.0,0.0,0.20827322,0.10579379,0.008992166,0.0,0.029454287,0.016935928,0.0,0.0,0.05357679,0.017369859,0.0,0.044693466,0.16448541,0.0,0.0,0.0029807114,0.0,0.32951438,0.0,0.1975948,0.20126478,0.0,0.046902385,0.0,0.14691134,0.0,0.0,0.09399321,0.016297037,0.143966,0.0,0.0,0.0491196,0.0,0.0,0.13218434,0.0,0.02851953,0.0,0.056093615,0.0,0.0,0.066842005,0.0,0.0,0.0,0.0,0.016206302,0.06540847,0.0,0.027682705,0.097013436,0.03504499,0.12633663,0.0,0.0,0.067748286,0.0,0.0,0.0,0.0,0.14836818,0.0005072252,0.0,0.029833617,0.0,0.0,0.17685576,0.08823525,0.0,0.0,0.0,0.0,0.14251678,0.0,0.0,0.0,0.060522713,0.0,0.020296004,0.14733155,0.019325627,0.0,0.0,0.0,0.0,0.0,0.0,0.0,0.0,0.0428277,0.0,0.0,0.0,0.0043324456,0.0,0.09162029,0.0,0.07936446,0.048471157,0.0,0.06230661,0.0,0.03605258,0.08775691,0.0,0.004220968,0.0,0.0,0.0,0.0,0.0,0.0,0.0,0.0,0.0,0.026538476,0.06371446,0.018784592,0.0,0.31227267,0.06803589,0.023073783,0.0,0.0,0.0,0.09830113,0.14109512,0.05316789,0.0,0.0,0.0,0.0,0.0,0.04982835,0.0,0.0,0.0,0.0,0.0,0.0,0.016319236,0.0,0.0,0.17255695,0.0,0.0,0.038379114,0.0,0.0,0.0,0.0,0.1189308,0.26623854,0.008263842,0.1967368,0.0,0.0,0.09681247,0.0,0.0,0.0,0.07830383,0.0,0.07471886,0.12129365,0.0,0.093687885,0.11238163,0.0,0.0,0.0641285,0.072995774,0.0,0.0
TCGA-FB-AAPZ-01,0.0,0.0,0.0,0.0,0.022080978,0.10789474,0.006356672,0.0,0.0,0.08680946,0.0,0.060448203,0.0,0.008909003,0.0,0.0,0.0,0.0018089111,0.0,0.0,0.0,0.1569184,0.059918568,0.0046214815,0.0,0.21968536,0.054450568,0.057442516,0.15498273,0.0,0.03469897,0.0,0.0,0.0875161,0.17066862,0.19036357,0.19049565,0.14233376,0.027006565,0.0,0.0,0.0,0.0022069793,0.0,0.06913846,0.19347124,0.0,0.05556218,0.11104207,0.055647936,0.0,0.0,0.09046115,0.23494011,0.059791308,0.0,0.15852186,0.0007438384,0.0,0.082176,0.19641821,0.0,0.0,0.001017256,0.028405337,0.0,0.1736044,0.039540183,0.011684381,0.038523603,0.0,0.0,0.0,0.0,0.0,0.038587537,0.0,0.0,0.0,0.005631575,0.0,0.22158177,0.0,0.0,0.153858,0.016830288,0.0,0.0,0.0,0.0,0.0733422,0.0,0.036518734,0.13488841,0.10006792,0.0,0.0,0.022608977,0.0707371,0.0,0.048236508,0.0,0.0,0.0,0.0,0.0,0.09540525,0.0,0.10725636,0.0,0.076420136,0.009408116,0.0,0.04397861,0.0,0.07705639,0.011139904,0.0,0.0077941455,0.0,0.0,0.077884,0.0,0.0,0.0,0.0,0.0,0.0,0.063768186,0.043693043,0.0,0.0,0.0,0.009381516,0.0,0.0,0.011960905,0.0,0.0,0.0,0.0,0.038863443,0.062005155,0.008597076,0.0,0.11070861,0.0,0.0,0.0050048004,0.007983554,0.027230628,0.0,0.1835824,0.0,0.05685762,0.06640166,0.0867546,0.0,0.0,0.0,0.116626695,0.0,0.0,0.004495171,0.0,0.0,0.0,0.0,0.0,0.17750216,0.0,0.0,0.09818456,0.051440544,0.027696304,0.0,0.0,0.00156546,0.0,0.0,0.15653051,0.0045771846,0.1272054,0.07287723,0.0,0.12706003,0.123467326,0.22014916,0.124910735,0.1173665,0.008035033,0.0,0.07508642,0.0,0.0,0.0,0.016000845,0.105470926,0.0,0.20950156
TCGA-FB-AAQ0-01,0.0,0.033306655,0.0,0.0,0.0,0.29990792,0.056948055,0.0,0.05976574,0.0,0.0,0.03640413,0.06525278,0.007219851,0.037904795,0.15187831,0.0,0.11109571,0.0,0.0,0.0,0.051559266,0.19047378,0.0,0.05654331,0.13035432,0.072481215,0.011196925,0.0,0.09524055,0.033160105,0.048330963,0.0,0.16316403,0.0,0.047489323,0.08970899,0.0,0.1136192,0.0,0.0,0.0,0.010981529,0.0,0.0,0.0,0.038576968,0.0,0.026451219,0.007804993,0.0064299884,0.0,0.0,0.25283492,0.16760436,0.03232093,0.04267386,0.14758447,0.14688806,0.0,0.20687167,0.0,0.068347156,0.0,0.10275808,0.0714736,0.11292187,0.015862841,0.1159017,0.057077426,0.05738314,0.0,0.0,0.11720605,0.12436726,0.0,0.0,0.0,0.13554108,0.0,0.0,0.23781872,0.050420854,0.01647223,0.12857199,0.0,0.025197176,0.0,0.026648037,0.0,0.0,0.0,0.0,0.16734774,0.085978694,0.009997404,0.0,0.045737837,0.20379883,0.0,0.0,0.0,0.10056547,0.0,0.0,0.0,0.0,0.0013938063,0.08891723,0.0,0.0,0.00883644,0.032884944,0.011040646,0.0,0.0,0.12423858,0.0,0.023054237,0.0,0.0,0.04190095,0.0,0.0,0.014585314,0.0,0.0,0.0,0.05257457,0.1368172,0.0,0.0,0.0,0.0482923,0.0,0.0,0.0023184086,0.029156389,0.0,0.0,0.0,0.12299593,0.01985522,0.012176882,0.065609805,0.15997541,0.024722628,0.0,0.0,0.0,0.0,0.080646314,0.0,0.0,0.087643206,0.0,0.1556966,0.06391971,0.0,0.0,0.0,0.0,0.0,0.09477807,0.0,0.08061698,0.0,0.0,0.0,0.017712777,0.0,0.0,0.03469815,0.0,0.06907392,0.0,0.0,0.02632184,0.053731892,0.0,0.13297822,0.0,0.0,0.0,0.0,0.0,0.092560686,0.0,0.0,0.1417383,0.040664747,0.0,0.1309645,0.015064133,0.0,0.031576216,0.11018301,0.0,0.0,0.19396536
TCGA-FB-AAQ1-01,0.0,0.0,0.0,0.0,0.034028627,0.0032609324,0.0,0.0,0.067206435,0.13548222,0.0,0.0,0.0,0.0,0.0,0.072521515,0.0,0.07201189,0.0,0.0,0.0,0.16371086,0.0,0.07001253,0.02729471,0.1503807,0.06141047,0.0,0.0,0.033300765,0.12307536,0.0,0.0,0.094984025,0.0,0.14329962,0.104020655,0.0,0.08979574,0.0,0.0,0.0,0.20259264,0.0,0.041394886,0.22669981,0.0,0.06484783,0.07745072,0.0,0.17342879,5.5245153e-05,0.13026413,0.043121796,0.05520874,0.0,0.0,0.19662565,0.05934673,0.0019665707,0.0,0.0,0.0,0.008141311,0.115867965,0.0,0.020921474,0.028900193,0.0,0.12913446,0.0,0.0,0.0,0.0,0.0,0.0,0.0,0.0,0.0,0.0,0.0,0.2048377,0.0,0.0,0.0,0.0,0.041839316,0.0,0.051617138,0.018611163,0.0,0.004554917,0.0,0.2924639,0.071078144,0.009493275,0.0,0.0,0.114622094,0.0,0.0,0.0,0.0,0.017626347,0.0448326,0.11111341,0.0,0.0,0.12189472,0.0,0.021037245,0.0,0.019315153,0.07385451,0.0,0.0,0.0,0.0,0.0,0.112125315,0.0,0.13350506,0.0,0.0,0.0,0.0,0.032805394,0.0,0.08909365,0.059817735,0.012984006,0.0,0.0,0.06834258,0.0,0.0,0.0,0.0,0.0,0.0,0.0,0.17102687,0.06793755,0.0,0.0,0.11539631,0.03358485,0.0,0.1200453,0.0,0.046476204,0.0,0.10338773,0.03866308,0.0,0.021441422,0.11563518,0.0,0.1709314,0.0,0.0,0.0,0.0,0.064898245,0.0,0.020646363,0.0,0.01761108,0.06268619,0.20224553,0.0,0.0,0.22961593,0.007336582,0.0,0.0,0.0,0.0,0.0,0.0,0.28247774,0.0,0.053475313,0.16510099,0.0,0.0,0.08106476,0.11844988,0.0,0.0429749,0.0,0.0,0.12870586,0.0150929615,0.0,0.0,0.03864734,0.023573631,0.0,0.06320899
TCGA-FB-AAQ2-01,0.0,0.021849938,0.0,0.0,0.12712848,0.0516683,0.0,0.0,0.122388564,0.0,0.032220863,0.050219256,0.0,0.0,0.0,0.0,0.0,0.0,0.0,0.0,0.0,0.14790489,0.0,0.017120946,0.084816195,0.33141765,0.13825922,0.03966375,0.14169356,0.081128284,0.0,0.0,0.0,0.0,0.0,0.0,0.09075861,0.0,0.09257899,0.0,0.0,0.0,0.08560555,0.0,0.0,0.11396701,0.0,0.108529925,0.08353577,0.011172184,0.0071943104,0.011636464,0.06389264,0.09636952,0.10704835,0.0,0.0395737,0.10122743,0.13104121,0.0,0.04338161,0.0,0.12372238,0.007951122,0.001075791,0.0,0.0077198753,0.02713564,0.14560789,0.08440134,0.008233895,0.0,0.0801685,0.0,0.0,0.0,0.018801345,0.0,0.0,0.0,0.0,0.16236523,0.0704068,0.0,0.13056506,0.044142075,0.0,0.0,0.11240792,0.0,0.0014001309,0.0,0.13221669,0.12010363,0.119383745,0.0,0.0,0.0,0.1144775,0.12721306,0.0,0.055094812,0.0,0.0,0.0,0.017848149,0.0,0.04246658,0.0,0.0,0.0,0.024659488,0.0,0.06402599,0.12966342,0.08987417,0.0,0.0,0.14869156,0.0,0.0,0.0,0.0,0.0,0.021259937,0.0,0.06379666,0.0,0.04560195,0.0,0.0,0.019891033,0.0,0.16912577,0.0,0.0,0.0,0.0,0.0,0.0023377691,0.0,0.0,0.15609844,0.0,0.0,0.17403975,0.0,0.0,0.06723024,0.17597882,0.17968178,0.0,0.0,0.0,0.033306137,0.0,0.051559404,0.071865626,0.09365597,0.0,0.0,0.0,0.07882805,0.0,0.0,0.028986841,0.0,0.0,0.0,0.1298702,0.0,0.04321303,0.11752407,0.05287238,0.014963285,0.0,0.0,0.030467577,0.04667474,0.019922076,0.21663968,0.0,0.006186816,0.0,0.0,0.0857794,0.23268473,0.16988623,0.0,0.0,0.0,0.0,0.1336885,0.0,0.107383884,0.0,0.09475479,0.10715271,0.0,0.08972169
TCGA-FB-AAQ3-01,0.0,0.17381293,0.0,0.0,0.0598817,0.033032574,0.0,0.065749146,0.10200006,0.0,0.0,0.0,0.1577786,0.07044929,0.0,0.060974665,0.0,0.04055022,0.014141458,0.0,0.0,0.0,0.03476645,0.0,0.12831928,0.20010224,0.0,0.0,0.0,0.15653576,0.053755064,0.0,0.0,0.013419497,0.0,0.10784424,0.06529935,0.0,0.18510424,0.0,0.0,0.0,0.18921697,0.0,0.0,0.05560342,0.0,0.0,0.0,0.26510015,0.015266675,0.0138737215,0.0,0.022209613,0.0,0.0,0.0,0.13097018,0.0,0.0,0.008588835,0.0,0.0021994675,0.0,0.10293205,0.039729886,0.0,0.011471554,0.10472988,0.0,0.08414563,0.0,0.019450456,0.02058376,0.12192215,0.0137318615,0.05311669,0.0,0.0,0.0,0.0,0.11023634,0.09918407,0.0,0.0,0.15381923,0.0,0.0,0.025271218,0.026374802,0.0,0.0,0.058469612,0.1728874,0.02366377,0.0,0.026243249,0.0,0.0022822996,0.0,0.12698343,0.0,0.12795953,0.01807417,0.009605174,0.008154233,0.0154018095,0.0065798317,0.018515347,0.0,0.0,0.0,0.0,0.038370173,0.0,0.08175141,0.097442865,0.0,0.16235612,0.036588013,0.015379282,0.25013572,0.0,0.0,0.0,0.0,0.04734836,0.0,0.038655672,0.07310596,0.009303307,0.0,0.049412288,0.0,0.0,0.0,0.01211051,0.08685442,0.0,0.05183507,0.0,0.0,0.0,0.10778036,0.0,0.27517188,0.09335326,0.0,0.18374836,0.043998208,0.075503066,0.0658338,0.18946075,0.016210156,0.0,0.12685587,0.0,0.007081625,0.0,0.024971323,0.0,0.0,0.0,0.1829821,0.0,0.01869374,0.031103354,0.0,0.0,0.13672893,0.042173643,0.0,0.0,0.04968466,0.0,0.0,0.0,0.0,0.14799246,0.0,0.18841521,0.0,0.0,0.0,0.0,0.044046085,0.049970873,0.042356625,0.043411076,0.1032666,0.0,0.0,0.038809508,0.05704271,0.0,0.0,0.032495134,0.15304579,0.0,0.0
TCGA-FB-AAQ6-01,0.0,0.06778741,0.0,0.0,0.047747675,0.0,0.050456222,0.0,0.08438977,0.08477588,0.0,0.0,0.0,0.0,0.0,0.0,0.0,0.10677559,0.03266791,0.0060284208,0.1863753,0.10849921,0.0,0.0,0.009400339,0.1753398,0.1323829,0.023965098,0.26405343,0.0,0.09630957,0.0,0.0,0.008993547,0.088982515,0.12995431,0.18668334,0.0,0.047940996,0.0,0.0,0.0,0.04362658,0.0,0.0023211043,0.089301266,0.0,0.070410796,0.06455168,0.02335171,0.1782011,0.0,0.0,0.16409093,0.07970019,0.0,0.0,0.09849022,0.10581562,0.10843567,0.050480682,0.0,0.0,0.042951502,0.13896026,0.0,0.011982719,0.026492804,0.008352822,0.10777751,0.0,0.0,0.0,0.0,0.00571653,0.028680708,0.0,0.0,0.0,0.0,0.0,0.18903893,0.1112671,0.070007466,0.19230632,0.009324485,0.0,0.0,0.14629097,0.0,0.07068253,0.0,0.0,0.20567448,0.1109904,0.0,0.0,0.0,0.0,0.06018162,0.056536637,0.0,0.0,0.0,0.0,0.0,0.0,0.0,0.0,0.0,0.0,0.12919727,0.0,0.041295443,0.0,0.0431996,0.12702458,0.0,0.04435513,0.0,0.0,0.005731392,0.0,0.0,0.0,0.0,0.16850612,0.0,0.002939334,0.12944734,0.0,0.069968544,0.0,0.11759988,0.0,0.0,0.013866695,0.00795413,0.006746684,0.0,0.0,0.16905954,0.0,0.0,0.026995322,0.22285414,0.0,0.0,0.0078103417,0.0507222,0.07331703,0.0,0.11987637,0.0,0.002359559,0.079020806,0.04479713,0.0046530473,0.0270093,0.0044317287,0.0,0.0,0.0,0.0,0.0,0.0,0.0,0.0,0.0,0.17918807,0.0,0.0,0.1411773,0.035302036,0.04739268,0.0,0.0,0.0,0.008743144,0.0,0.16433509,0.022055477,0.0281535,0.027313318,0.0,0.07000814,0.0,0.0806935,0.0018326178,0.12831971,0.0,0.0,0.0,0.0,0.08535397,0.0,0.14708842,0.1057822,0.0,0.17157985
TCGA-H6-8124-01,0.0,0.0,0.0,0.0,0.0,0.0,0.0887834,0.04717235,0.084828205,0.0,0.0,0.042829264,0.0026512742,0.0,0.022139955,0.034634553,0.07601824,0.0,0.0,0.084605515,0.0,0.0,0.0,0.0,0.0,0.17444451,0.0,0.0,0.09392117,0.17162603,0.0,0.08987933,0.0,0.066652685,0.0,0.07190326,0.12689841,0.0,0.0,0.0,0.0,0.0,0.0,0.0,0.0,0.12038805,0.0,0.0,0.0,0.050081607,0.040783413,0.0,0.08788245,0.04968102,0.20712613,0.0,0.0,0.0036798557,0.0,0.0,0.119380355,0.0,0.12529677,0.0,0.0,0.0,0.2916786,0.028191552,0.0,0.038125537,0.10709224,0.0,0.0,0.15718737,0.042405307,0.0,0.0,0.0,0.0,0.0,0.0,0.14553161,0.16650388,0.0,0.20502548,0.0,0.022053966,0.1103952,0.02703094,0.13737117,0.0,0.0,0.088828176,0.18798965,0.04019784,0.024425352,0.0,0.0,0.30755067,0.0,0.0,0.0,0.0,0.0,0.0,0.03888883,0.044037253,0.0,0.04364375,0.0,0.0,0.0,0.0,0.0188143,0.0,0.0,0.05654325,0.0,0.0,0.050510064,0.057175547,0.0,0.048853893,0.0029416622,0.006516245,0.0,0.046453144,0.0,0.03433698,0.1633206,0.057274543,0.0,0.0,0.14812101,0.0,0.0,0.06185801,0.0,0.0,0.0,0.0,0.0,0.07384784,0.0,0.0,0.12878609,0.16440634,0.0,0.20059444,0.0,0.07883728,0.052259598,0.20167178,0.01842634,0.10173333,0.12951735,0.07137175,0.0,0.0,0.18408972,0.0,0.015677456,0.0,0.0053133857,0.0,0.0,0.018755304,0.0,0.0,0.0,0.0,0.0,0.0,0.08181199,0.0,0.0,0.0,0.07124707,0.13280293,0.0,0.15826839,0.0,0.022094062,0.065384805,0.0,0.0,0.045306567,0.0048367362,0.107760146,0.0,0.0,0.0,0.08639521,0.0,0.0,0.05933199,0.08573251,0.0,0.0,0.0
TCGA-H6-A45N-01,0.0,0.009922982,0.0,0.0,0.0,0.15349823,0.06731615,0.046484523,0.005326614,0.0,0.05634485,0.0,0.15681204,0.0,0.056632996,0.053459316,0.0,0.1662899,0.0,0.0,0.10582723,0.0,0.1728847,0.0,0.0,0.16923755,0.16071461,0.0,0.17070259,0.24189591,0.06656138,0.0,0.0,0.08769611,0.0,0.0016142183,0.16651075,0.0,0.11334477,0.017322695,0.0,0.0,0.058979888,0.0,0.08878807,0.034912627,0.0,0.0,0.082066715,0.05055836,0.013494405,0.0,0.0,0.019164763,0.12251783,0.0,0.0,0.0,0.1670325,0.0,0.066830285,0.0,0.029046133,0.016265674,0.078025244,0.009316094,0.0,0.06189167,0.0,0.07926518,0.0,0.0,0.0,0.097332135,0.03735346,0.06385496,0.0,0.0851326,0.0,0.0,0.0,0.054727115,0.07768684,0.0,0.0,0.0,0.027141908,0.0,0.06535167,0.0052329423,0.14477026,0.0,0.053688698,0.12548123,0.0,0.014135462,0.05047354,0.0,0.254305,0.0,0.0,0.0,0.0,0.0,0.041376937,0.063418806,0.114146404,0.0,0.0,0.0,0.0,0.0074221333,0.0,0.17061539,0.0,0.08986141,0.0,0.0,0.0,0.0,0.03832744,0.0,0.0,0.0,0.0,0.0,0.050125524,0.0,0.18402411,0.08423298,0.018808203,0.0,0.0728723,0.009250341,0.0,0.0,0.09481354,0.05933465,0.0,0.0,0.0,0.08966049,0.021915916,0.0,0.0,0.110957116,0.06558779,0.02572002,0.034610886,0.0,0.0,0.051692255,0.038860362,0.0,0.09656301,0.030143002,0.0,0.0,0.0,0.09817134,0.06577251,0.0,0.001293649,0.0,0.0,0.0,0.056477994,0.0,0.0,0.10281953,0.0011567046,0.0,0.0,0.0,0.0,0.0,0.0,0.065893054,0.0,0.09452516,0.1513525,0.0,0.09277275,0.0,0.0,0.059904244,0.2017358,0.003203055,0.2572524,0.08162129,0.03861974,0.0,0.01973493,0.0,0.0,0.14537771,0.26112363,0.0,0.0,0.0
TCGA-H8-A6C1-01,0.009831424,0.13251811,0.0,0.0,0.0,0.0,0.0,0.089603245,0.0,0.02509961,0.0912055,0.0,0.05812778,0.0,0.0,0.16237031,0.0,0.124364935,0.0,0.0,0.0,0.0007868549,0.03832803,0.0,0.087514825,0.24037115,0.13814832,0.068841554,0.0,0.09416746,0.005863045,0.08058657,0.0,0.03517276,0.0,0.14760406,0.014708674,0.115660496,0.085138366,0.0,0.0,0.0,0.13662471,0.108778425,0.050574254,0.004799289,0.0,0.0,0.0,0.0,0.0,0.0,0.0,0.018745368,0.1642932,0.0,0.067100346,0.14480034,0.045126755,0.0,0.0008180739,0.0,0.027440662,0.0518872,0.15417081,0.0,0.054702487,0.02902122,0.0,0.0,0.0,0.0,0.0,0.03501557,0.0,0.0,0.0,0.0,0.0,0.0,0.0,0.09420478,0.009659935,0.0,0.0,0.0,0.0,0.0,0.06721842,0.0,0.0,0.043381143,0.0,0.0,0.15883349,0.09695507,0.0,0.0,0.13731948,0.031765036,0.0,0.0,0.011850256,0.0,0.07750786,0.05616398,0.10483288,0.08621416,0.056221552,0.0,0.0,0.0,0.0,0.0,0.0,0.02751572,0.02342954,0.0,0.0,0.0,0.0,0.0,0.0,0.0,0.0,0.17735456,0.039821517,0.0,0.10949393,0.026626451,0.0,0.0,0.0,0.013688845,0.0,0.0,0.10736559,0.15828137,0.0,0.0,0.0,0.11338361,0.13654274,0.09428312,0.0,0.15906458,0.24933477,0.0,0.015660368,0.0,0.0,0.0,0.0,0.0,0.0,0.0,0.117915645,0.021583978,0.0,0.020062368,0.0030347996,0.0,0.0,0.0,0.0,0.04179083,0.058853626,0.0,0.0,0.09371211,0.0,0.0,0.08654168,0.002624418,0.08168347,0.13580436,0.0,0.051887393,0.21289387,0.021262443,0.15530695,0.0,0.0,0.0,0.0,0.0,0.12728578,0.0476007,0.054607753,0.07387348,0.0,0.0,0.0,0.020575434,0.0045166817,0.19621456,0.36743212,0.020648034,0.0,0.04512813
TCGA-HV-A5A3-01,0.0,0.033327922,0.0,0.0,0.0,0.0,0.0,0.0,0.046599593,0.027993873,0.0,0.011762671,0.10458683,0.0,0.0,0.0,0.02399633,0.0,0.0,0.07927895,0.0,0.0,0.025303043,0.019250752,0.0,0.22570637,0.0,0.15130752,0.0,0.090832114,0.0,0.058298416,0.0,0.033217512,0.0,0.05575638,0.10051553,0.0,0.08763466,0.0,0.0,0.0,0.067192264,0.0,0.0,0.0,0.004842124,0.0040043406,0.025402918,0.0,0.038538773,0.035000354,0.0,0.028584989,0.01845,0.0,0.06919999,0.029319951,0.0,0.033416525,0.033326443,0.0,0.007087828,0.12954795,0.15876593,0.0,0.19981056,0.0,0.18415691,0.04780068,0.0,0.0,0.0,0.044539038,0.0,0.0,0.028330814,0.0,0.01822594,0.03853604,0.0,0.028401682,0.08830183,0.019418292,0.06258146,0.0,0.0,0.0,0.08795215,0.0,0.0,0.0,0.11465981,0.19127166,0.0,0.0,0.0,0.0,0.27180827,0.0,0.0,0.0,0.060585544,0.0,0.087984286,0.0,0.0744215,0.0,0.13252118,0.0,0.0,0.0,0.0,0.0,0.0,0.0,0.13094555,0.0,0.0,0.0,0.0,0.0,0.07900169,0.0,0.0,0.0,0.08934499,0.0,0.049042657,0.093067944,0.0,0.088122554,0.09817444,0.0,0.0,0.0,0.017476697,0.060469482,0.0,0.0,0.0,0.035814326,0.0,0.0,0.0,0.04775126,0.13185473,0.0,0.0,0.0,0.045723755,0.06539845,0.14213149,0.23393886,0.15077287,0.09402069,0.09522511,0.053535942,0.008167071,0.049740333,0.0052912943,0.0,0.0,0.15812787,0.0,0.0,0.0,0.0,0.0,0.059501123,0.0,0.0,0.12782013,0.0,0.076717645,0.0,0.0,0.0,0.15439445,0.0026017495,0.25314566,0.035849273,0.0,0.026306026,0.0,0.14349891,0.14716844,0.04863988,0.14440446,0.080386534,0.01951576,0.0,0.25108764,0.09346239,0.0839021,0.15796904,0.08450223,0.117159285,0.0,0.035906043
TCGA-HV-A5A4-01,0.07533973,0.0,0.021156251,0.0,0.0,0.010899847,0.0,0.03957811,0.0,0.011928483,0.1455955,0.08639308,0.15536591,0.057685714,0.0,0.0149776535,0.0,0.0,0.025176559,0.0,0.0,0.033764906,0.0,0.0,0.0,0.24003461,0.08187603,0.06946346,0.14088531,0.049677093,0.062485095,0.0,0.0,0.081445046,0.0,0.14675163,0.2476167,0.023989554,0.042887434,0.0,0.0,0.0,0.12817934,0.0,0.0,0.0,0.0,0.0,0.0,0.024654515,0.0,0.06633147,0.083877094,0.020193372,0.0062526674,0.0,0.12852687,0.0,0.1261697,0.05326583,0.06827523,0.0,0.021211637,0.07397623,0.1758335,0.0,0.15872625,0.0,0.0,0.023297023,0.0,0.0,0.0,0.083765626,0.08067573,0.013338438,0.0,0.046757784,0.016866878,0.0056978003,0.06966089,0.14532733,0.038667098,0.0,0.0,0.0,0.007854068,0.007708416,0.026758062,0.009240802,0.00068384124,0.0,0.0,0.22426005,0.13450933,0.0,0.0,0.0034750304,0.2120905,0.0,0.0,0.0,0.009937371,0.0,0.0,0.0,0.06060742,0.07688603,0.03979071,0.0,0.03849339,0.0,0.0,0.19759011,0.0,0.11216737,0.00023306538,0.0,0.0,0.0,0.0,0.0,0.0,0.0,0.0,0.0,0.0030275807,0.0,0.080229215,0.0,0.1127495,0.0,0.0,0.13155198,0.0,0.0,0.0,0.0,0.0,0.0,0.0,0.010527751,0.0,0.0,0.0,0.20140854,0.057365738,0.01721749,0.0,0.0,0.1593917,0.060745526,0.0,0.11803367,0.12074381,0.0,0.12891272,0.0,0.03382856,0.0,0.09721906,0.0,0.0,0.0,0.0,0.0,0.0,0.0076634716,0.053303376,0.0,0.044839185,0.0,0.034365352,0.01827111,0.097998716,0.070996575,0.0,0.08251453,0.01671019,0.053120404,0.05976917,0.0,0.15163064,0.03565448,0.047334477,0.0,0.24468434,0.113086656,0.0,0.0,0.0,0.0,0.017536724,0.06411416,0.0,0.089570604,0.11391722,0.069690496,0.0,0.25166982
TCGA-HV-A5A5-01,0.14973934,0.0,0.0,0.0,0.021879427,0.06822566,0.07667696,0.0,0.13929985,0.006973159,0.10763135,0.0056424527,0.0,0.0,0.057260115,0.0,0.0171697,0.0,0.0,0.0,0.17766522,0.033420686,0.040719695,0.02136181,0.0006077104,0.2452072,0.12912042,0.00040152515,0.095631495,0.03676189,0.0601086,0.090945326,0.0,0.049167544,0.0,0.040966865,0.043911606,0.081991136,0.1282755,0.0,0.045612033,0.0,0.061457362,0.0,0.04603659,0.063026875,0.0,0.0,0.19404271,0.0069604297,0.12752877,0.019085445,0.10291042,0.0,0.07361802,0.0,0.0,0.10416388,0.098290265,0.08845102,0.085685916,0.0,0.03410979,0.0060171997,0.019740434,0.028186364,0.0,0.0,0.0045861797,0.0,0.0,0.0,0.0,0.0220274,0.11735464,0.013472293,0.0028491463,0.061065778,0.0,0.0,0.0,0.0,0.14386086,0.11117669,0.085559465,0.0,0.03538116,0.0,0.25382012,0.0,0.025949206,0.00032014342,0.0,0.12010988,0.063772775,0.020249475,0.059510324,0.005142736,0.17216524,0.0,0.017995702,0.0,0.0,0.0,0.11386024,0.00385598,0.0,0.0,0.093261465,0.0,0.0,0.17987257,0.0,0.0,0.054332364,0.0,0.0,0.0,0.0,0.07222,0.052919205,0.0,0.0,0.0,0.0,0.0,0.006822499,0.0,0.25068513,0.039642364,0.15940313,0.0,0.021789363,0.020077994,0.0,0.0,0.15680705,0.0,0.056142084,0.0,0.0,0.0,0.05457953,0.0,0.0,0.17491063,0.01734481,0.0,0.04739219,0.0,0.02085647,0.071318544,0.014213401,0.24922942,0.06723749,0.14310296,0.15127309,0.0,0.0,0.009848966,0.103787005,0.0,0.0,0.0,0.009744261,0.0,0.0,0.00565175,0.09588725,0.01729393,0.0,0.0,0.0,0.0,0.08363939,0.0,0.0,0.0,0.0,0.14786188,0.08514781,0.029310577,0.029773645,0.0,0.080797225,0.029911125,0.17145453,0.15101948,0.04226018,0.019711597,0.0,0.0,0.0013294399,0.025981272,0.0,0.051818598,0.0870827,0.056256857,0.0,0.038117733
TCGA-HV-A5A6-01,0.0,0.17406315,0.0,0.0,0.0016722619,0.018558862,0.0,0.1148726,0.05998447,0.022578059,0.0,0.0,0.09264114,0.0,0.0,0.0,0.0,0.0,0.0,0.0,0.0,0.0,0.0,0.0,0.0,0.27770326,0.0032449204,0.032430537,0.0,0.019534122,0.0,0.0,0.02369481,0.0,0.0,0.012176722,0.024351267,0.0,0.14058506,0.0,0.0,0.0,0.06671575,0.0,0.08380404,0.20949452,0.0,0.071533605,0.07501632,0.0,0.0,0.13618371,0.0,0.0809606,0.11380152,0.0,0.0,0.13421008,0.0,0.0050048647,0.03195507,0.0,0.0,0.0,0.20971213,0.055926878,0.1678151,0.022239575,0.0,0.13502167,0.03242452,0.0,0.0,0.044188846,0.0,0.0,0.17959672,0.0,0.039548315,0.014008422,0.0,0.051434502,0.12546094,0.0,0.07635977,0.0021985886,0.116635576,0.0,0.12838726,0.032741267,0.0,0.0,0.047655273,0.17232041,0.0,0.014925131,0.0,0.0,0.12118158,0.0,0.0,0.0,0.0,0.068197675,0.03266608,0.0,0.016604474,0.0,0.1057719,0.0,0.0,0.0,0.0,0.0,0.0,0.0,0.10945299,0.0,0.0,0.09007202,0.0,0.0,0.0,0.0,0.0,0.0,0.09895191,0.0,0.07201041,0.111524425,0.0,0.0,0.17278549,0.00710663,0.0,0.0,0.1154444,0.0,0.0,0.0,0.0,0.0,0.017555932,0.08641229,0.0,0.16484185,0.17113641,0.0,0.060670167,0.102014296,0.021747066,0.097157344,0.0,0.17774458,0.0,0.0,0.03583447,0.0,0.0069885943,0.0,0.013104046,0.027030207,0.0,0.1580465,0.0,0.122625925,0.0,0.00872421,0.0,0.14713141,0.0,0.0,0.02452227,0.07395878,0.050112605,0.087937705,0.0,0.040528186,0.18638718,0.0,0.18907335,0.0,0.0,0.0,0.0,0.0,0.20349388,0.057728533,0.15577006,0.0,0.17521627,0.0,0.0,0.0,0.0,0.086456545,0.0,0.0,0.0,0.0
TCGA-HV-A7OL-01,0.0,0.09406499,0.0,0.0,0.0,0.17672949,0.0,0.23629528,0.043067873,0.0,0.0,0.0,0.0,0.0,0.0,0.0,0.0,0.0,0.0,0.0,0.014811036,0.0121168485,0.0,0.0,0.034670465,0.13678855,0.09378491,0.026136288,0.059330937,0.0,0.0,0.0,0.0,0.1178339,0.0,0.15076339,0.0,0.0,0.12234087,0.0,0.0,0.0,0.19903442,0.0,0.0,0.0,0.0,0.11116904,0.11637887,0.0,0.124951,0.0,0.01827644,0.15383324,0.005615835,0.0,0.020187575,0.17486621,0.017257564,0.041650478,0.11575718,0.0,0.0,0.012464463,0.27463022,0.0,0.0,0.0,0.0,0.0,0.0,0.0,0.0,0.0,0.008283804,0.014901075,0.010719431,0.0,0.0,0.0,0.0,0.16432577,0.0,0.03320023,0.0,0.0,0.0,0.0,0.19808228,0.0,0.0,0.0,0.120418124,0.2880128,0.0,0.0,0.0,0.0,0.093023516,0.0,0.0,0.0,0.0,0.047696188,0.0040522385,0.0,0.06154658,0.0,0.019102992,0.0,0.0,0.0,0.0,0.13076465,0.018979104,0.03333828,0.10330996,0.0,0.0,0.13944761,0.0063545587,0.0,0.0,0.0,0.0021574623,0.0,0.0,0.0,0.123742916,0.022968818,0.0,0.0,0.0,0.0769587,0.0,0.0,0.0,0.0,0.0,0.0,0.0,0.0,0.0,0.0,0.0,0.10162285,0.0,0.0,0.0,0.027561083,0.0066045816,0.0,0.0,0.049491562,0.028962174,0.0037271471,0.13947222,0.0,0.0,0.0018046679,0.016984684,0.0,0.0,0.10576716,0.0,0.13986354,0.0,0.0,0.0,0.11183372,0.0,0.0047956076,0.15238723,0.1179986,0.1358791,0.01767734,0.0,0.06071837,0.16959824,0.084209375,0.30062318,0.0,0.0,0.0,0.0,0.0,0.03227695,0.15074362,0.0,0.0,0.0,0.0,0.15281385,0.0,0.0,0.11357255,0.11925712,0.0,0.0,0.043454397
TCGA-HV-A7OP-01,0.0,0.029556079,0.0,0.0,0.08396953,0.0,0.0,0.05305065,0.17162612,0.0,0.0,0.0,0.0,0.028282411,0.0,0.038113806,0.0,0.04769926,0.11633887,0.0,0.0,0.027346568,0.0,0.0,0.0,0.36014777,0.088700645,0.12761043,0.12721026,0.0,0.0,0.0,0.0,0.048261255,0.0,0.046499792,0.17792104,0.0,0.04880549,0.0,0.0,0.0,0.17173931,0.0,0.0,0.017057996,0.0,0.034299478,0.042124856,0.0,0.035133976,0.0,0.0,0.14711368,0.11560996,0.0,0.0,0.09192665,0.011242468,0.061546918,0.0019513682,0.0,0.024872947,0.027067501,0.14135095,0.018621061,0.0,0.0,0.05372566,0.13959457,0.0,0.0,0.0,0.1520385,0.0,0.0,0.0,0.0,0.029247472,0.0,0.0,0.19243424,0.041379362,0.052103486,0.07414065,0.0050641974,0.0,0.0,0.0718966,0.0,0.0,0.0,0.00087157305,0.21326296,0.08583841,0.0,0.0,0.0,0.08465011,0.0,0.06286448,0.0,0.019501794,0.0,0.005893931,0.0,0.0,0.0,0.06138993,0.0,0.0,0.0,0.0,0.13559955,0.05010966,0.114918,0.020008547,0.0,0.08100577,0.0,0.0046759825,0.22444797,0.0,0.0,0.0,0.06596517,0.0066877445,0.0,0.0,0.0108249225,0.0,0.0,0.18920949,0.0305188,0.0,0.0,0.0,0.0,0.0,0.0,0.0,0.122882485,0.11439396,0.0,0.0,0.048431296,0.10670648,0.0,0.016416797,0.026209088,0.013759671,0.0,0.008466263,0.0,0.04472079,0.0,0.040678702,0.028198952,0.119931325,0.06744028,0.0,0.0,0.0,0.0,0.0,0.012180823,0.0,0.0,0.0,0.12645462,0.0,0.0,0.25571528,0.10515695,0.15780315,0.0,0.036218558,0.0027703447,0.010423196,0.0,0.15023835,0.0,0.057943974,0.0655212,0.0,0.0,0.0,0.14180776,0.0,0.0,0.0,0.0,0.17500746,0.0,0.055083033,0.032432865,0.079051465,0.14334273,0.0,0.18101923
TCGA-HV-AA8V-01,0.0,0.0875632,0.0,0.0,0.030792456,0.065270334,0.0,0.010641019,0.0,0.0056001805,0.0,0.0,0.031744927,0.0,0.018447755,0.14452691,0.0,0.17002958,0.0,0.039513912,0.0,0.0,0.050860282,0.0,0.05340681,0.17634471,0.0,0.0,0.0012896545,0.17214364,0.0,0.0,0.0,0.077661015,0.0,0.072031036,0.055221133,0.010377463,0.0,0.10048071,0.0,0.0,0.1281377,0.0,0.048340544,0.11721119,0.0,0.027819695,0.0,0.055611134,0.14539206,0.05081965,0.114015125,0.0032091737,0.21539582,0.0,0.01083364,0.065883294,0.0,0.0,0.20287931,0.0,0.0,0.070948735,0.08946135,0.0,0.13870098,0.10474744,0.0,0.0,0.0,0.0,0.0,0.12640989,0.0,0.09121595,0.0,0.0,0.0,0.0,0.0,0.0,0.110219255,0.0,0.095162824,0.0,0.16335471,0.0,0.2385856,0.033440642,0.050976943,0.0,0.0,0.064168,0.008022102,0.23154207,0.0,0.001996024,0.2600512,0.0,0.0,0.0,0.0,0.0,0.0,0.0,0.032364096,0.023594607,0.10212143,0.0,0.0,0.0,0.0,0.029622652,0.0,0.0,0.010341418,0.0,0.0,0.111933924,0.034883134,0.0,0.0,0.0,0.10150418,0.0,0.06927816,0.0,0.085559376,0.010066593,0.0,0.010035916,0.0,0.14464545,0.0,0.0,0.0,0.0,0.03642292,0.046090063,0.012609201,0.0030989104,0.025551133,0.0,0.0,0.11714678,0.069590166,0.0,0.0,0.035101376,0.046185665,0.0,0.0,0.05563495,0.15289988,0.0,0.049211517,0.034687486,0.0,0.14013031,0.0,0.0,0.0,0.059357144,0.0,0.11207534,0.0,0.0,0.0,0.046040133,0.0,0.0,0.1474982,0.0,0.0,0.0,0.0,0.041059714,0.0,0.0,0.20026043,0.15640046,0.09961167,0.09149206,0.0,0.0,0.016148554,0.0,0.09230945,0.0,0.14694495,0.0,0.0,0.049972184,0.0,0.16445895,0.09062715,0.1629635,0.0,0.10760559
TCGA-HV-AA8X-01,0.008119215,0.0,0.0,0.0,0.0,0.013078264,0.0040642605,0.0,0.0652625,0.12990713,0.0,0.13047588,0.0,0.0,0.0,0.056945015,0.0,0.0,0.0,0.012190636,0.0,0.0144294435,0.0078034466,0.0,0.0,0.1575363,0.24938574,0.0655966,0.014039812,0.10666934,0.062203184,0.047978483,0.0,0.19671376,0.0,0.037482888,0.08591476,0.01600719,0.095434554,0.0,0.0,0.0,0.078042485,0.0,0.0,0.09490311,0.0,0.051091954,0.1563717,0.05097898,0.14801918,0.0,0.053026855,0.17924565,0.18335705,0.0,0.04987235,0.0,0.06458276,0.036031425,0.07428655,0.0,0.0,0.040212017,0.19472204,0.08864829,0.0,0.00064510986,0.0,0.0,0.0,0.0,0.0,0.018316498,0.16186102,0.004348687,0.0,0.0,0.0,0.0,0.0,0.08231386,0.17656115,0.094924815,0.058507595,0.0,0.0,0.0,0.035537995,0.0,0.018015875,0.0,0.0,0.021321295,0.19779733,0.0,0.035068717,0.0,0.14986446,0.0,0.0,0.0,0.0,0.0,0.07550941,0.023577275,0.00020934218,0.0,0.14800982,0.0,0.0,0.044550568,0.15463229,0.024610292,0.0002516803,0.038809493,0.025562832,0.0,0.0,0.061600275,0.0,0.0,0.0,0.0,0.0,0.0,0.041074667,0.0,0.074198656,0.0,0.039322224,0.0,0.0,0.03299523,0.0,0.0,0.0,0.0,0.0,0.0,0.0,0.020996215,0.012161082,0.012133742,0.0,0.23387668,0.07062322,0.0,0.04407442,0.033391424,0.0012423563,0.011474587,0.11409896,0.028027395,0.12973168,0.0,0.096671306,0.0,0.1002985,0.10278446,0.0,0.0,0.020029519,0.14776115,0.0,0.0,0.0,0.011448391,0.0,0.105990924,0.0,0.0,0.05740408,0.0,0.013928786,0.0,0.0,0.0,0.05543571,0.02971669,0.18033971,0.0,0.10337575,0.001206635,0.010324488,0.14999399,0.25701165,0.1720679,0.01845447,0.07567797,0.033442397,0.0,0.069448456,0.0,0.052494418,0.059953902,0.105587326,0.09352909,0.0,0.13670689
TCGA-HZ-7289-01,0.0,0.029413955,0.0,0.0,0.010041837,0.0,0.0,0.0,0.031108914,0.10050814,0.17383322,0.03651462,0.0098584,0.0,0.0,0.0,0.0,0.06255418,0.0,0.0,0.052758384,0.016312182,0.0,0.0,0.0,0.22652218,0.0,0.0,0.0,0.023991328,0.0974661,0.001190537,0.0,0.0,0.0,0.07055268,0.16498815,0.123263754,0.2665206,0.04469175,0.040379472,0.0,0.09147013,0.0,0.0,0.024494644,0.0,0.00528669,0.07801338,0.002587746,0.13076636,0.0,0.0,0.20704949,0.0,0.0,0.08611308,0.07415475,0.026183095,0.0,0.06093689,0.0,0.112586744,0.0,0.056846526,0.0,0.067721725,0.0,0.004628436,0.10576085,0.052001793,0.0,0.045355704,0.002902892,0.056995492,0.0,0.0,0.0,0.0,0.0,0.0,0.07577941,0.0,0.0,0.0130096,0.0,0.0,0.0,0.0080581065,0.16266003,0.01840128,0.015531223,0.024056556,0.23558016,0.0,0.0,0.096186705,0.0,0.1869908,0.0,0.0,0.0,0.0,0.001836427,0.0,0.0,0.11438026,0.20232077,0.15313786,0.0,0.0,0.0,0.0,0.0,0.0,0.0,0.0,0.0,0.0,0.03716685,0.0,0.0,0.0,0.0,0.0,0.0,0.051936828,0.0,0.053432096,0.10518003,0.0,0.0,0.019420391,0.017410751,0.0,0.0,0.0,0.0,0.0,0.0,0.0,0.13951214,0.0,0.0047354917,0.0,0.35560343,0.10664951,0.0,0.025231848,0.0,0.0,0.033207376,0.00890812,0.030962627,0.0,0.06607981,0.070911385,0.16300282,0.035480086,0.014032756,0.0,0.0,0.0,0.0,0.0,0.06644499,0.0,0.0,0.0,0.078420416,0.0,0.0,0.06743286,0.04434213,0.18913755,0.0,0.0,0.08173647,0.01784972,0.0,0.19488591,0.090111926,0.13845426,0.08728769,0.0036729854,0.0,0.115061805,0.14057735,0.020814275,0.0,0.01065425,0.0,0.0012969963,0.0,0.0,0.0,0.20030981,0.020629534,0.0,0.0
TCGA-HZ-7918-01,0.076276444,0.001433585,0.0,0.0,0.023933696,0.0,0.0,0.0,0.0,0.1724822,0.0,0.0,0.0,0.0,0.0,0.0,0.048375722,0.115607455,0.103472844,0.0,0.15976049,0.0,0.0,0.014082127,0.0018932224,0.06923039,0.010360181,0.027669871,0.0,0.11882113,0.0,0.0,0.0,0.008007072,0.11694746,0.12239704,0.24993569,0.0,0.1552601,0.0,0.10182512,0.0,0.3841113,0.03970273,0.0,0.0037592887,0.0,0.048477516,0.022873469,0.043066196,0.0,0.0,0.09609032,0.0,0.10261446,0.0,0.0,0.16332835,0.0,0.0,0.13770133,0.0,0.109981366,0.15049356,0.10232227,0.0,0.1752985,0.0,0.0,0.0,0.0026347411,0.0,0.03754393,0.06487887,0.0,0.0,0.0,0.0,0.05952265,0.0,0.0,0.10405146,0.028221969,0.0,0.0,0.0,0.0,0.018687636,0.08469253,0.049466074,0.0,0.0,0.030456396,0.1295794,0.0,0.055591658,0.1500764,0.0,0.14774604,0.0,0.022020899,0.0,0.0,0.0,0.0,0.0,0.16947374,0.0,0.15368827,0.0,0.0,0.06589197,0.0,0.018645778,0.0,0.0,0.0,0.0,0.08392657,0.0,0.17320289,0.0,0.0,0.0,0.06948832,0.0,0.13447322,0.0,0.09696143,0.10224577,0.08049926,0.0,0.0,0.07550992,0.0,0.0,0.0,0.0,0.0,0.0,0.003999035,0.0,0.0,0.0,0.0,0.135009,0.0,0.0,0.12567751,0.0,0.0,0.10327095,0.062554546,0.04322236,0.04996631,0.07431502,0.037780896,0.074555606,0.0,0.04139549,0.024708457,0.0,0.0,0.0,0.0,0.0,0.0,0.0,0.0,0.089399666,0.0,0.0,0.0,0.0053132856,0.14552587,0.0,0.0,0.033034872,0.035489324,0.0,0.2943826,0.0,0.0,0.042963162,0.0,0.0,0.10364579,0.032698635,0.0,0.0,0.08866425,0.0,0.0,0.04084158,0.0,0.01467365,0.06682955,0.09082874,0.0,0.059124466
TCGA-HZ-7919-01,0.073019706,0.039837934,0.0,0.0,0.0,0.0,0.0,0.061388906,0.12393628,0.0,0.0,0.007640249,0.11507696,0.0,0.086183526,0.0,0.0,0.0,0.0,0.0,0.098408945,0.0,0.0014659337,0.0,0.029573122,0.083086416,0.15737207,0.15163833,0.04227801,0.1325465,0.028526407,0.0,0.0,0.17239755,0.0,0.17889579,0.03579951,0.0,0.20181522,0.0,0.0,0.0,0.11095416,0.0,0.010325891,0.1453706,0.0,0.051278703,0.051118266,0.01453721,0.0,0.13429207,0.0,0.030791113,0.12554762,0.0,0.0,0.15501921,0.027330697,0.05030739,0.15234748,0.0,0.06799989,0.08406424,0.19684035,0.0,0.15524982,0.02413094,0.0,0.12656084,0.026254114,0.0,0.12499894,0.025773887,0.0,0.0,0.0,0.0,0.0,0.080660984,1.3068274e-05,0.070028424,0.0,0.0,0.0,0.0,0.0,0.0,0.1383249,0.030440943,0.0,0.0,0.024345797,0.0,0.0,0.11160781,0.0,0.0,0.27145475,0.0,0.123870015,0.0,0.0,0.0,0.13274376,0.01581475,0.0,0.0,0.02075313,0.0,0.0,0.0,0.0,0.0,0.036458872,0.020173697,0.009754821,0.0,0.0,0.12309983,0.003967032,0.0,0.0,0.0,0.11382228,0.0,0.017083405,0.0,0.133712,0.0,0.0,0.0,0.1429147,0.07690821,0.0,0.061798867,0.08871151,0.0,0.0,0.0,0.0116734905,0.0,0.18899854,0.0,0.0,0.18180773,0.14921723,0.0,0.13003133,0.032114834,0.0,0.025565788,0.09725649,0.0,0.007684323,0.0010719617,0.061170246,0.0,0.0,0.0,0.15708372,0.0,0.0,0.0,0.042113543,0.044533703,0.12751195,0.0,0.0,0.040845335,0.0,0.0,0.057475965,0.0,0.0,0.0,0.0,0.04373861,0.079608425,0.0,0.23569089,0.0,0.0,0.096324906,0.0,0.0,0.10588287,0.07867099,0.066357136,0.0043127397,0.074090734,0.0,0.11210509,0.0,0.0,0.054540303,0.0,0.07123133,0.0,0.0
TCGA-HZ-7920-01,0.07186295,0.0,0.0,0.0,0.09563952,0.055139955,0.09853156,0.0,0.037916046,0.0,0.028745806,0.0,0.048788924,0.0,0.007663923,0.029256357,0.0,0.06120399,0.04142977,0.0,0.14800012,0.14359683,0.08010335,0.0,0.20117728,0.20020102,0.0953736,0.0010069709,0.060761612,0.09108269,0.16203414,0.0547575,0.0,0.08887922,0.0,0.027296972,0.23312137,0.09906569,0.11418046,0.0,0.0034667603,0.0,0.2392684,0.0,0.013850234,0.20301843,0.0,0.024345139,0.16359882,0.13649093,0.09416326,0.1054731,0.08174843,0.0,0.03976114,0.0,0.0,0.0801442,0.1307444,0.0,0.10218139,0.0,0.10497508,0.25233126,0.056655135,0.0,0.0,0.06730979,0.0,0.026702367,0.0,0.0,0.004895043,0.047744375,0.0,0.07291288,0.0023097552,0.04179201,0.0,0.053396177,0.0,0.0,0.043042403,0.0,0.033551946,0.0,0.1415794,0.0,0.10816855,0.03937017,0.032047026,0.0,0.025410868,0.1246815,0.0,0.15402117,0.0129739195,0.0,0.1758428,0.0,0.0,0.0,0.0,0.0,0.0,0.009770394,0.02621813,0.0,0.024015166,0.0,0.0,0.08990678,0.0,0.06256927,0.0,0.03426733,0.0,0.0,0.03839589,0.020809554,0.04683943,0.0,0.0,0.0,0.10954402,0.0,0.045754783,0.0,0.06344509,0.14110261,0.0,0.03591646,0.0,0.07437611,0.0,0.0,0.050281562,0.0,0.06073362,0.009417992,0.0,0.066243485,0.119596355,0.0,0.0,0.14451967,0.058956034,0.0,0.0,0.0,0.0,0.0,0.0,0.01017663,0.071425684,0.024549337,0.0,0.0,0.057287693,0.04121732,0.0,0.0,0.0,0.0,0.0,0.0,0.005787623,0.0,0.06543499,0.06385341,0.0,0.0,0.0,0.0,0.0061882283,0.0,0.0,0.0042738323,0.0,0.102362834,0.22005121,0.03454099,0.045975965,0.0,0.0,0.0,0.12387229,0.11801729,0.15636899,0.0,0.0,0.00034806892,0.0,0.0,0.02237175,0.19186214,0.0195408,0.0,0.0,0.0
TCGA-HZ-7922-01,0.0,0.08854078,0.0,0.0,0.0,0.025055632,0.0,0.20835805,0.0,0.09028359,0.014590542,0.0,0.21341029,0.0,0.094362676,0.006426668,0.010832162,0.0,0.0,0.0,0.0901597,0.0,0.06274562,0.0,0.03214811,0.05231332,0.103707574,0.04827003,0.010562505,0.023429917,0.10856766,0.020286614,0.0,0.030812584,0.0,0.13106935,0.06457322,0.0,0.0644784,0.0,0.0,0.0,0.0,0.03276419,0.03590421,0.0,0.0,0.0011067106,0.0047709695,0.0,0.0,0.09571993,0.010409686,0.02277023,0.17200817,0.0,0.0,0.021629486,0.0,0.0,0.16460212,0.0,0.024425091,0.018677335,0.1820502,0.03851625,0.2891797,0.04617934,0.0,0.0,0.04182347,0.024131445,0.0,0.014923998,0.0,0.0,0.0,0.0,0.0,0.023281997,0.0,0.0,0.070974715,0.0,0.01075542,0.0,0.04731781,0.0,0.095927745,0.039191462,0.0,0.0,0.0,0.17342569,0.0,0.003144047,0.0,0.0,0.070809215,0.0,0.003554389,0.0,0.0,0.0,0.0,0.0,0.13628064,0.0,0.111113414,0.0,0.0,0.0,0.0,0.038822137,0.0,0.0,0.0,0.0,0.0,0.0,0.0048722145,0.0,0.0,0.0,0.086666934,0.0,0.09097976,0.0,0.2113551,0.07321423,0.0,0.0,0.08790859,0.06819168,0.0,0.0,0.010358074,0.0,0.0,0.0,0.0,0.10282662,0.07560517,0.0,0.10924096,0.33759627,0.0,0.0,0.1538117,0.0,0.119902104,0.100858085,0.14523546,0.13358034,0.0,0.027182022,0.107668534,0.0,0.0,0.0,0.0,0.06466789,0.0,0.0,0.0554246,0.0051611126,0.0,0.0,0.09353499,0.0,0.0,0.0,0.083961755,0.0,0.0,0.0,0.0,0.19803278,0.17080648,0.0,0.13321623,0.0925207,0.0,0.0,0.0,0.0,0.028522318,0.0,0.0006658548,0.0,0.13154276,0.0,0.0,0.035193678,0.0,0.2546538,0.034888048,0.025412586,0.0,0.1168388
TCGA-HZ-7923-01,0.036317207,0.0,0.0,0.0,0.016382406,0.046094306,0.19388673,0.011939999,0.04485996,0.0,0.053593345,0.034385983,0.12095563,0.0,0.053340916,0.14948228,0.0,0.01939177,0.0,0.0,0.14953528,0.0,0.08396882,0.0,0.017469916,0.1166913,0.16971278,0.0,0.11007274,0.12016912,0.026391525,0.0,0.0,0.015053624,0.0,0.08120249,0.22857888,0.10603301,0.075434096,0.0,0.0,0.0,0.096818775,0.0,0.03276048,0.10454204,0.0,0.006614502,0.0866499,0.107671365,0.102569036,0.0,0.09685415,0.0,0.0,0.0,0.0,0.10492302,0.054291174,0.0,0.14079027,0.0,0.072843015,0.1093926,0.0,0.0,0.062104747,0.1104239,0.0,0.06936978,0.0,0.0,0.0,0.0586509,0.032946885,0.12321145,0.0,0.041375928,0.0,0.0,0.0,0.0,0.079564,0.0,0.0,0.0,0.05505921,0.0,0.040627424,0.024159392,0.10391313,0.0,0.19132456,0.113058805,0.018320616,0.22576371,0.008772332,0.0,0.21947904,0.0,0.02719457,0.0,0.0,0.0,0.0,0.005476839,0.117165126,0.0,0.002746357,0.07213541,0.0,0.04384632,0.0,0.1629058,0.0,0.05740443,0.0,0.0,0.0059160143,0.07971171,0.08945892,0.0,0.0,0.0,0.105814695,0.0,0.0,0.0,0.11450536,0.05555189,0.0,0.11656805,0.0,0.0074444925,0.0,0.076834336,0.0639056,0.114788644,0.0,0.0,0.0,0.13423997,0.06546371,0.0,0.0,0.12906766,0.044072047,0.0,0.0,0.0,0.0,0.09714855,0.030020377,0.0661964,0.0,0.0123741925,0.095952906,0.0,0.023937339,0.07704694,0.015714517,0.018499676,0.0,0.0,0.0,0.0,0.03027823,0.0,0.07811993,0.09736403,0.0,0.0,0.0,0.0,0.0,0.0,0.0,0.05431161,0.0041266168,0.10423701,0.2075723,0.012005984,0.19254777,0.0,0.0,0.0,0.19188768,0.16204095,0.090416774,0.0,0.094233036,0.0,0.0,0.0,0.0,0.12944399,0.046261866,0.0,0.0,0.0
TCGA-HZ-7924-01,0.17200162,0.091939315,0.0,0.0,0.04960618,0.0,0.0,0.0,0.0,0.0,0.17391735,0.0,0.0,0.0,0.0,0.013169834,0.0,0.1421796,0.0,0.0,0.0,0.0,0.15243588,0.0,0.0,0.19734494,0.1288033,0.0,0.06524502,0.0,0.0,0.20985048,0.0,0.086427435,0.020321028,0.16139533,0.08347218,0.0,0.15519695,0.0,0.027484346,0.0,0.12327078,0.021239521,0.0047246707,0.15007037,0.0,0.0070193377,0.048882417,0.0,0.19245021,0.032152582,0.03506095,0.014729063,0.0,0.0,0.15151106,0.03134854,0.014857173,0.0,0.016160253,0.0,0.12864088,0.02243698,0.16429801,0.007851118,0.1935241,0.0,0.0,0.0,0.03182959,0.0,0.0,0.021399602,0.0,0.05203871,0.0,0.0,0.0,0.0,0.0,0.05577106,0.050275788,0.0,0.0,0.0,0.0,0.1266814,0.0,0.0,0.015258046,0.0,0.079465754,0.18012619,0.13004406,0.061060034,0.0,0.0,0.18629879,0.0,0.0,0.0,0.14287543,0.0,0.060437385,0.0,0.0,0.0,0.15664525,0.0,0.0,0.061300714,0.0,0.024889786,0.0,0.0,0.0,0.0,0.0599932,0.0,0.10969945,0.0,0.0,0.0,0.0,0.036052376,0.0,0.0,0.081649154,0.11307668,0.0,0.06698219,0.0,0.02203001,0.0,0.0,0.054586466,0.07020729,0.0,0.053747468,0.0,0.013414252,0.0,0.0,0.0,0.1737263,0.002469874,0.0,0.0,0.0,0.0,0.07907528,0.0,0.018307097,0.0,0.12967499,0.13263379,0.088618316,0.1664387,0.12166955,0.0,0.00017927006,0.02375723,0.017572599,0.0,0.0,0.0,0.0,0.0,0.0,0.0,0.0,0.0,0.004384689,0.0,0.0,0.0,0.0,0.0,0.0,0.0,0.0,0.078625344,0.1330027,0.0047081714,0.070010155,0.17535834,0.07448189,0.21861404,0.017906098,0.16868877,0.0,0.10008232,0.14807327,0.0036577135,0.025860459,0.085626155,0.0,0.0,0.01900481
TCGA-HZ-7925-01,0.0009911164,0.017879508,0.0,0.0,0.07051293,0.018543145,0.0,0.10427554,0.0,0.08101589,0.0,0.0,0.1013155,0.0,0.12592098,0.121091485,0.0,0.17283632,0.0,0.0,0.13399015,0.0,0.0,0.07887415,0.011758144,0.26224232,0.0,0.12580852,0.0,0.02569273,0.08259178,0.0,0.0,0.12788002,0.0,0.0,0.0108393375,0.073640294,0.13450104,0.0,0.0,0.0,0.07664361,0.0,0.0,0.19061512,0.0,0.016369876,0.052568167,0.063331805,0.07527627,0.0,0.012069783,0.010058393,0.07499956,0.0,0.0,0.0,0.03715416,0.0,0.14095463,0.0,0.004788694,0.030454673,0.06334421,0.007984281,0.18591926,0.0056319004,0.01583526,0.0,0.048045784,0.0008971017,0.0,0.024875542,0.009635458,0.10122782,0.0,0.0,0.0,0.0,0.0,0.02078725,0.05507667,0.0,0.060782425,0.0,0.003428758,0.14187793,0.19059218,0.0,0.07829187,0.0,0.0,0.06406099,0.0,0.16798581,0.0050255675,0.0,0.10729243,0.0,0.0,0.0,0.0,0.0,0.0,0.057641953,0.22056295,0.0,0.22735651,0.0,0.0,0.054326862,0.0138886245,0.0,0.0,0.0,0.0,0.0,0.0,0.04065736,0.037765764,0.0,0.0,0.0,0.05054716,0.0,0.04588006,0.0,0.04223064,0.10910671,0.090291016,0.0,0.13377233,0.0,0.0,0.063041724,0.0,0.0,0.0,0.0,0.0,0.07190529,0.13078256,0.0,0.0,0.09377933,0.0,0.0,0.0,0.085043415,0.025465576,0.06501137,0.0050817053,0.11934428,0.011406717,0.0,0.051963408,0.02477073,0.027209586,0.063306905,0.1112407,0.0,0.0715947,0.11732938,0.0042824736,0.0,0.031032639,0.0,0.007634616,0.030303683,0.0,0.0,0.1177253,0.0,0.0,0.0,0.0,0.0032924977,0.05484376,0.0,0.25945055,0.03339558,0.13847815,0.0,0.0,0.0,0.010969301,0.090477444,0.0835615,0.0,0.010304256,0.0,0.0,0.0,0.0023544505,0.11059099,0.32984245,0.0,0.0,0.055394698
TCGA-HZ-7926-01,0.03537708,0.068842,0.0,0.0,0.0,0.0,0.0,0.03628157,0.03633761,0.04266135,0.0,0.0,0.14660092,0.0,0.0,0.0,0.0,0.16425826,0.0,0.0,0.02368909,0.047925398,0.12770031,0.05410151,0.054507256,0.19116403,0.15174575,0.0,0.0,0.122940615,0.1958158,0.04014165,0.0,0.19823717,0.0,0.12892115,0.1852207,0.0,0.15122171,0.0,0.114805445,0.0,0.18479587,0.0,0.040036928,0.088093415,0.0,0.12700054,0.0020256103,0.026900345,0.03417101,0.0,0.080185115,0.17326549,0.15325317,0.0,0.16839667,0.15034974,0.0,0.072403476,0.06522513,0.0,0.032934047,0.025152186,0.28340936,0.0,0.04977209,0.10579486,0.0,0.0,0.0,0.0,0.0,0.0,0.0,0.0,0.0,0.0,0.021510765,0.0,0.0,0.0,0.08531351,0.0,0.0,0.0,0.082040034,0.0,0.06565335,0.10250485,0.06394994,0.0,0.089225926,0.10784712,0.027949922,0.08688064,0.0,0.0,0.1417598,0.0,0.020507187,0.0,0.0,0.0,0.08365047,0.0,0.19778886,0.0,0.049911886,0.0,0.0,0.09012876,0.0,0.0,0.0,0.086463936,0.0,0.0,0.0,0.0203706,0.0,0.0,0.0,0.0,0.0,0.0,0.08556359,0.0,0.014159785,0.07743964,0.16010597,0.0,0.038623504,0.0,0.0,0.0,0.0,0.038625762,0.0,0.0,0.0,0.06772136,0.0,0.0,0.0,0.229728,0.096787706,0.0,0.0,0.050927363,0.016637376,0.05152709,0.123112924,0.025856402,0.07583335,0.0,0.0,0.0006829421,0.057817254,0.022510637,0.0,0.06322744,0.0,0.05358044,0.041995484,0.0,0.0,0.12985218,0.0,0.080607675,0.0,0.0,0.0,0.0,0.04069609,0.0,0.0,0.0,0.052972924,0.04850457,0.1811756,0.07070526,0.0,0.0,0.0,0.022374416,0.0,0.024432397,0.004339545,0.0,0.09617507,0.0025405628,0.0,0.13868552,0.040046763,0.026788449,0.048016943,0.0,0.0,0.018469252
TCGA-HZ-8001-01,0.0,0.0,0.0,0.0,0.062261667,0.0,0.0470095,0.03707486,0.16164182,0.054494377,0.0,0.0,0.0,0.0,0.0,0.092183076,0.0,0.007608707,0.0,0.0,0.0,0.0772542,0.0,0.0,0.10710412,0.3211868,0.11206141,0.0,0.017993137,0.0,0.07946892,0.0,0.0,0.054722447,0.0,0.1164879,0.054252014,0.0,0.31119087,0.0,0.0,0.0,0.092127845,0.0,0.17451884,0.11109935,0.0,0.0,0.25548843,0.076165095,0.16160598,0.0,0.22763911,0.0,0.09293729,0.0,0.0,0.06829236,0.098739535,0.09000721,0.15772347,0.0,0.0,0.1551134,0.1291538,0.011542628,0.0010346996,0.03142214,0.0,0.05976355,0.0,0.0,0.0,0.040311415,0.0048487308,0.06617675,0.0,0.0149258785,0.022024924,0.0,0.0,0.042888757,0.13922992,0.025993466,0.005119035,0.0,0.0,0.0,0.15765527,0.10717343,0.0,0.009351295,0.0,0.12047678,0.015364485,0.0,0.0,0.024251778,0.119199395,0.0,0.0634988,0.0,0.0,0.0,0.04650121,0.06556179,0.0923058,0.01754077,0.074474,0.0,0.0,0.0027074127,0.0,0.051612474,0.0,0.0,0.0,0.0,0.0,0.13513887,0.0,0.021003854,0.0,0.0,0.070447445,0.0,0.07974823,0.0,0.037571155,0.09321555,0.0,0.0,0.0,0.051858295,0.0,0.0,0.0,0.0,0.0,0.019749315,0.08924064,0.11011381,0.0050541707,0.0,0.0,0.14023744,0.05741706,0.0,0.14042167,0.0,0.0,0.0,0.05420417,0.0,0.0,0.18332139,0.04433167,0.0,0.005205766,0.0,0.06480314,0.0,0.0,0.0,0.0,0.09556384,0.091299474,0.0,0.0,0.03653713,0.0,0.0,0.23154983,0.0,0.0035761262,0.0,0.0,0.0,0.06168826,0.0,0.17135389,0.020201039,0.0,0.009313674,0.030541573,0.0,0.039334744,0.0,0.10271314,0.0,0.0,0.0,0.032635156,0.0,0.0,0.0,0.05782603,0.05031359,0.0,0.0
TCGA-HZ-8002-01,0.0,0.0071239546,0.0,0.0,0.11206622,0.0,0.10818504,0.0,0.024722686,0.03195647,0.046904117,0.0,0.071081325,0.0,0.0,0.0,0.0,0.0,0.0,0.0,0.16404957,0.00532931,0.07202817,0.0,0.01889927,0.16900453,0.16592519,0.038750123,0.014688637,0.08901017,0.07269187,0.0,0.0,0.1012082,0.0,0.057875343,0.09382927,0.0,0.07852002,0.0,0.12216628,0.0,0.20975046,0.077759825,0.078062646,0.052332077,0.0,0.0,0.05261079,0.06226276,0.12141507,0.024164215,0.14741223,0.0,0.034064587,0.0,0.0,0.20485587,0.07471954,0.0,0.059374,0.0,0.094046794,0.06573393,0.0,0.0,0.10601011,0.16095817,0.0,0.0074541452,0.0,0.0,0.0023233898,0.05310199,0.07980379,0.106175095,0.0,0.040188886,0.0,0.0,0.0,0.0,0.030258868,0.0,0.0,0.0,0.09808475,0.0,0.029685916,0.0,0.11231401,0.0,0.01630826,0.11449322,0.0,0.14606266,0.012645598,0.0,0.17305207,0.0,0.0,0.0,0.0,0.0,0.0,0.0324275,0.048228413,0.0,0.07056994,0.016105821,0.0,0.10376933,0.0,0.14145717,0.0,0.09799265,0.0,0.0,0.04103218,0.11455962,0.03394947,0.0,0.0,0.0,0.08040848,0.0,0.0,0.0,0.03645149,0.05197929,0.0,0.0,0.0,0.053753752,0.0,0.0,0.1124179,0.0,0.006663958,0.0,0.0,0.110770635,0.028834479,0.0,0.0,0.22526065,0.091299355,0.0,0.012831547,0.0,0.0,0.0,0.045434386,0.010596409,0.0,0.0,0.0,0.0,0.0,0.2605367,0.09716017,0.0,0.0,0.0,0.01356712,0.0,0.026057808,0.0,0.12173554,0.14406835,0.0,0.0,0.0,0.0,0.0,0.0,0.0,0.0,0.0,0.09721991,0.20087983,0.11620593,0.22450884,0.036591306,0.0,0.0,0.0,0.13560185,0.25490722,0.0,0.10601312,0.0,0.0,0.0,0.0,0.121428326,0.0,0.0,0.0,0.0
TCGA-HZ-8003-01,0.0,0.013982008,0.0,0.0,0.058514882,0.0,0.017090594,0.0,0.0,0.11602961,0.1180241,0.0,0.080784746,0.0,0.0,0.028499346,0.0,0.0045640296,0.0,0.02214476,0.1474081,0.05008706,0.112186976,0.048272464,0.18081397,0.081865445,0.11779727,0.040920738,0.07713098,0.18298888,0.0,0.0,0.0,0.2906343,0.0,0.08308256,0.02497172,0.09605061,0.09674671,0.0,0.122949384,0.0,0.18375233,0.0,0.021934059,0.029570797,0.0,0.122551665,0.0,0.0016787717,0.02548166,0.0,0.11668393,0.09638319,0.117399566,0.0,0.0,0.080143355,0.17363662,0.0,0.08453075,0.0,0.18856871,0.09031476,0.08791341,0.055871997,0.037271593,0.0,0.0,0.02833021,0.01779467,0.0,0.0,0.0,0.0,0.0,0.022766858,0.0,0.0,0.021937352,0.0,0.012967195,0.11618074,0.0,0.14112896,0.0,0.077689104,0.0,0.22223522,0.0,0.039761927,0.0,0.15729462,0.14558825,0.010507358,0.09832916,0.0,0.0,0.040216457,0.0,0.017403273,0.051436402,0.0,0.0,0.0,0.0,0.0,0.0,0.0023347663,0.0,0.0,0.0,0.0,0.13811599,0.00047214233,0.0024532399,0.0,0.0,0.0,0.096603066,0.0,0.0,0.0,0.0,0.12252839,0.0,0.0,0.0,0.13714942,0.008091242,0.0,0.0,0.048186984,0.044853576,0.0,0.0,0.0,0.0,0.0,0.0,0.15055157,0.11583493,0.12120069,0.0,0.0,0.18693683,0.09712667,0.0,0.0,0.0,0.0,0.15831812,0.0,0.11269162,0.0,0.0054781227,0.054174673,0.0,0.0,0.0,0.060946796,0.0,0.0,0.07675119,0.0,0.024388004,0.0,0.0,0.029522175,0.12643206,0.0,0.0,0.02233951,0.0,0.07484039,0.0,0.0,0.06545112,0.0,0.072940536,0.12117044,0.0,0.04771482,0.042420547,0.0,0.0,0.20945898,0.05530188,0.13850145,0.0,0.0,0.0,0.0,0.0,0.0,0.091623224,0.091671035,0.04281607,0.0,0.1126278
TCGA-HZ-8005-01,0.0,0.008352701,0.0,0.0,0.006786535,0.026753144,0.0,0.05591063,0.041038882,0.022159321,0.11331928,0.0005725055,0.024985377,0.0,0.0,0.0,0.0,0.0,0.024252353,0.012879869,0.07996288,0.06145865,0.0,0.016605962,0.0,0.27350384,0.0,0.0,0.1463906,0.13145906,0.0,0.0,0.0,0.11494148,0.0,0.03712743,0.014821816,0.0,0.02647705,0.0,0.0,0.0,0.0,0.0,0.004401759,0.0,0.0,0.19867042,0.10489728,0.082232594,0.11195925,0.0,0.143663,0.094503,0.043548804,0.0,0.0,0.027371429,0.0,0.0,0.020164542,0.0,0.0,0.0,0.0037779724,0.0,0.04643271,0.08456903,0.10639526,0.08644803,0.0,0.0,0.0,0.13438304,0.0,0.0,0.0,0.0,0.0,0.0,0.0,0.1298073,0.024488503,0.0,0.0,0.0,0.08882709,0.0,0.047601584,0.10906751,0.066468105,0.0,0.038427614,0.17167854,0.041265007,0.0007185492,0.0,0.0,0.1396147,0.024674976,0.06165522,0.0,0.0,0.07614893,0.1032971,0.016408775,0.02307824,0.0,0.16631977,0.0,0.0,0.0,0.013260712,0.051452175,0.0,0.0,0.031211771,0.0,0.0,0.1584415,0.0,0.0,0.0,0.0,0.0,0.0,0.14819595,0.0,0.08437717,0.046032988,0.0,0.0,0.0,0.0,0.0,0.043095734,0.0,0.0,0.0,0.0,0.0,0.17641863,0.03160955,0.0165312,0.0,0.11337151,0.0,0.0,0.0,0.0779488,0.0,0.0,0.09609116,0.0,0.048421428,0.06405985,0.18110316,0.061288882,0.0,0.13897938,0.13981968,0.0,0.006128552,0.0,0.0,0.102524795,0.012472358,0.0,0.0,0.2454386,0.0,0.0,0.16319081,0.0,0.09707749,0.0,0.0,0.112164915,0.0,0.0,0.24274251,0.04052295,0.14084096,0.11473131,0.0,0.0,0.08206564,0.13424811,0.012583558,0.0,0.07353717,0.0,0.08285132,0.02463338,0.0,0.16667773,0.2482638,0.0,0.0,0.037899315
TCGA-HZ-8315-01,0.0,0.0060887346,0.0,0.0,0.012980261,0.0,0.086336896,0.063589536,0.0,0.0,0.0,0.0,0.0,0.0,0.018733688,0.024747424,0.0,0.06005835,0.0,0.0,0.114936896,0.0,0.052153245,0.0,0.06901794,0.20175606,0.0,0.05047482,0.00901524,0.14452465,0.024743449,0.103297204,0.0,0.0945036,0.0,0.062380143,0.14932828,0.09735222,0.04311556,0.0,0.0,0.0,0.08442029,0.0,0.10643751,0.019002935,0.0,0.0032272374,0.04387803,0.11574371,0.0,0.0357413,0.0010207004,0.14577211,0.0,0.0,0.002124596,0.2399856,0.0,0.014492916,0.18534839,0.0,0.054852556,0.07205617,0.13265309,0.0,0.0,0.00849683,0.0,0.0,0.0,0.0,0.0,0.13649519,0.0029673642,0.068938136,0.03139074,0.0,0.0,0.0,0.0,0.024270719,0.041415617,0.0,0.0,0.0,0.0,0.0,0.0,0.058988973,0.09364553,0.0,0.15043452,0.23587437,0.041029863,0.054722488,0.0,0.057052445,0.2664156,0.0,0.0110119665,0.0,0.0,0.0,0.04655246,0.031937797,0.07551985,0.0,0.16441382,0.0,0.0,0.0,0.0,0.15987574,0.0,0.0,0.0,0.0,0.0,0.071464635,0.024480674,0.0,0.0,0.0,0.015159934,0.0,0.0,0.0,0.18317945,0.0947735,0.0,0.0,0.0,0.0,0.0,0.052868016,0.071774036,0.091092065,0.0,0.0,0.0,0.14917083,0.03560524,0.0,0.0,0.19676283,0.0,0.0,0.053901218,0.001215593,0.0,0.10357948,0.0,0.08326926,0.013471886,0.12415992,0.038274143,0.0,0.0,0.13231039,0.06443788,0.03747192,0.0,0.08776491,0.0,0.026685586,0.0,0.0,0.0,0.0,0.0,0.0,0.0,0.0,0.23103325,0.0,0.0,0.120897196,0.014993315,0.0,0.17494379,0.06473102,0.08400865,0.0,0.0,0.0,0.17052063,0.0877626,0.18223839,0.020966379,0.0,0.0,0.0,0.0,0.0,0.0,0.17856877,0.014173998,0.0,0.0
TCGA-HZ-8317-01,0.0,0.0065209554,0.0,0.0,0.067201056,0.0,0.04933414,0.0,0.13194686,0.07868628,0.0,0.0,0.25985816,0.0,0.03391283,0.015240159,0.0,0.0073609003,0.026020488,0.0,0.0,0.046641782,0.15273349,0.0,0.027505098,0.16091485,0.0,0.20474261,0.05121278,0.0814967,0.011948728,0.0913495,0.0,0.16842133,0.0,0.14479306,0.061765037,0.065473445,0.14026983,0.0010258328,0.059174154,0.0,0.0,0.013859324,0.048852935,0.12887062,0.0,0.10886259,0.033299904,0.0,0.0,0.0,0.0,0.0,0.13208866,0.0,0.14471263,0.19597767,0.025075546,0.0,0.10940731,0.0,0.0014408219,0.029181575,0.19831493,0.0,0.0,0.105869636,0.0,0.00023539866,0.073784694,0.0,0.0,0.037027765,0.0,0.0,0.0,0.055609394,0.0,0.0,0.0,0.07231371,0.15956476,0.0,0.16183847,0.0,0.0701556,0.018763542,0.0010718785,0.065726966,0.0,0.0,0.019073786,0.17613009,0.0,0.0,0.023206456,0.0,0.11094442,0.0,0.0,0.0,0.060691364,0.0,0.0,0.080049545,0.0,0.0,0.037329063,0.0,0.061988905,0.0,0.0,0.041367296,0.0,0.14584263,0.0,0.0,0.0,0.0,0.0,0.0,0.0,0.0,0.10912745,0.005627707,0.041706067,0.0,0.13560039,0.16998817,0.0,0.0,0.012781511,0.32153586,0.0,0.0,0.027081203,0.0,0.0,0.0,0.0,0.049566507,0.045164123,0.0,0.0,0.14769204,0.042741664,0.0,0.044440553,0.0,0.0,0.05234857,0.016628208,0.0,0.0,0.072446756,0.0,0.0,0.0,0.0,0.17631826,0.0,0.0,0.083140016,0.0,0.0,0.0,0.0,0.057633303,0.0,0.0,0.0,0.0,0.023455909,0.0,0.0,0.0,0.038474236,0.061002415,0.045102555,0.12927452,0.0,0.115290344,0.036193274,0.0,0.043562528,0.1818533,0.0,0.11106776,0.0,0.0635173,0.0,0.0,0.02046569,0.081607595,0.10890905,0.1365611,0.050009932,0.0,0.0
TCGA-HZ-8519-01,0.0,0.0,0.0,0.0,0.07047533,0.0,0.10757882,0.0034558107,0.04693119,0.0,0.07085249,0.0,0.0259729,0.0,0.0,0.0,0.0,0.10114799,0.0,0.0,0.17627183,0.0,0.094439365,0.0,0.123896986,0.20374258,0.06813901,0.122458115,0.06907173,0.059863582,0.06402561,0.10224969,0.0,0.012465793,0.02773377,0.26418906,0.17090538,0.015844615,0.101615705,0.0,0.0,0.0,0.15174933,0.014942118,0.0045317626,0.0,0.0,0.03591515,0.08263007,0.0,0.0077188825,0.0069031278,0.08260416,0.077584445,0.07756378,0.0,0.0,0.13656698,0.023962364,0.07580803,0.12776144,0.0,0.11023778,0.075617515,0.012814638,0.0015207147,0.03226127,0.0,0.0,0.0,0.0,0.0,0.0064954637,0.12765837,0.029460091,0.0065464703,0.0,0.010057749,0.0,0.028465537,0.0,0.03842083,0.22332703,0.02673461,0.14596957,0.0,0.14194964,0.026004827,0.09903641,0.03900319,0.06129116,0.0,0.0,0.07560482,0.0,0.06255132,0.025805237,0.0,0.12646998,0.0,0.042132314,0.0,0.087602824,0.0,0.03723623,0.0,0.011174483,0.0,0.0,0.0,0.0,0.060029782,0.0,0.19951932,0.0,0.0,0.0,0.0,0.00860959,0.0,0.11928648,0.0,0.0,0.0,0.0,0.04170165,0.09977453,0.0,0.028820857,0.11725278,0.080060035,0.0,0.07150035,0.049286813,0.040134333,0.0,0.05346757,0.0,0.04806686,0.18407522,0.0,0.0,0.06424908,0.0,0.0,0.2374378,0.19310772,0.0,0.06402741,0.042808164,0.09396664,0.0023046427,0.0,0.042416163,0.03549031,0.0,0.05637091,0.015722789,0.0,0.22865017,0.03964507,0.00021658384,0.067674085,0.0,0.0,0.0,0.0,0.041392535,0.091129586,0.021129798,0.03399188,0.0,0.0,0.0,0.09871794,0.0,0.04161282,0.019115381,0.027936598,0.0,0.20288648,0.0,0.07734246,0.020833105,0.0,0.0,0.120291054,0.048225395,0.05491073,0.0,0.0,0.0,0.0,0.0,0.0,0.16162784,0.07224639,0.03056498,0.0,0.0
TCGA-HZ-8636-01,0.0,0.041400697,0.0,0.0,0.0,0.06624659,0.0,0.0,0.0,0.0,0.0,0.0,0.059889045,0.0,0.0,0.07602608,0.0,0.0,0.0050963517,0.0,0.16694319,0.0,0.16236983,0.0,0.062929675,0.12905279,0.1077418,0.030293323,0.0,0.060157467,0.0,0.022514923,0.0,0.0,0.0,0.19480732,0.10004654,0.0054692533,0.06917085,0.0,0.0,0.0,0.02770112,0.0,0.0,0.0,0.0,0.012642358,1.382658e-05,0.027571615,0.0,0.0,0.0,0.018888233,0.24743319,0.000815471,0.09493393,0.09005463,0.15428494,0.0,0.021899384,0.0,0.10036138,0.0,0.1500175,0.0,0.0,0.0,0.0,0.0,0.0126250405,0.0,0.0,0.06515489,0.0,0.046760205,0.0,0.0,0.0,0.10384405,0.0,0.0,0.0,0.0,0.13936765,0.0,0.0,0.0,0.08167932,0.0,0.05835592,0.0,0.0,0.20337674,0.06413706,0.02332246,0.10815383,0.0,0.19546492,0.0,0.10266072,0.0,0.0,0.0,0.10729832,0.0,0.0,0.0,0.18482006,0.0,0.0,0.0,0.11713878,0.0,0.078264154,0.066748396,0.0,0.0,0.0,0.019010482,0.22010802,0.0,0.015237823,0.0,0.0,0.0,0.060672652,0.0,0.0049312813,0.0,0.0,0.0,0.0,0.0,0.0,0.0076217484,0.0,0.0,0.0,0.0,0.0,0.0014015329,0.045069646,0.011172224,0.0,0.32724348,0.0,0.0,0.0,0.0,0.052299727,0.03204937,0.011391951,0.075435184,0.14304385,0.20179784,0.14193575,0.0,0.0,0.0,0.0033210937,0.19649771,0.03671068,0.0,0.0,0.0,0.0,0.0,0.0,0.08232247,0.0,0.0,0.04746583,0.0,0.17619821,0.0,0.0,0.078060865,0.10733212,0.13363267,0.22945492,0.0,0.019613545,0.01529159,0.0,0.0,0.041860394,0.1078133,0.092562206,0.01274696,0.0075501855,0.0,0.0008281286,0.0,0.0,0.1388115,0.12609401,0.0,0.024232283,0.0
TCGA-HZ-8637-01,0.0,0.0,0.0,0.0,0.025800085,0.0,0.0,0.0,0.0,0.0068212,0.1496647,0.0,0.02567353,0.0,0.0,0.0,0.0,0.022698477,0.0,0.0,0.08670325,0.26538017,0.10493505,0.0,0.004903343,0.18988386,0.11887879,0.0,0.0,0.11965712,0.0,0.04764676,0.0,0.09590211,0.0,0.010762705,0.082914144,0.058382288,0.041657593,0.0,0.0,0.0,0.16379775,0.0,0.10052862,0.11027345,0.0,0.040894862,0.079602934,0.0,0.20021535,0.0,0.09364649,0.048471563,0.14166893,0.0,0.0,0.061664496,0.07167655,0.10697823,0.04521752,0.0,0.022445243,0.06124386,0.06376737,0.0,0.0019472559,0.0,0.00845129,0.0,0.0,0.0,0.0,0.03895717,0.0,0.0,0.0,0.045873687,0.0,0.0,0.0,0.0,0.15432762,0.0032072174,0.14263466,0.027568294,0.0,0.0,0.07769749,0.0,0.17483032,0.083565675,0.07388681,0.13676333,0.123231545,0.07682889,0.0,0.0,0.25759295,0.0,0.0,0.0,0.0,0.0,0.023814391,0.054301985,0.06621121,0.0,0.005438001,0.0,0.0,0.0,0.0,0.12982778,0.054274656,0.10665273,0.10734476,0.0,0.0,0.08872178,0.016608575,0.0,0.0,0.0,0.0,0.0,0.0,0.0,0.25196657,0.12761286,0.073525764,0.0,0.0,0.09208778,0.0,0.0,0.0,0.0,0.0,0.0,0.0,0.016885513,0.0,0.051006325,0.0,0.16404311,0.09228932,0.0,0.04003155,0.0,0.0,0.023656132,0.13573173,0.02732991,0.0,0.071096145,0.0049834894,0.08748714,0.10648727,0.124100566,0.0,0.0,0.0,0.03710417,0.0,0.0,0.09946785,0.0,0.0,0.13484752,0.0,0.0,0.076919794,0.040565293,0.0,0.0,0.0,0.06430524,0.1512698,0.01149302,0.19173154,0.0,0.0036954356,0.0,0.0,0.0,0.10900322,0.14000398,0.0,0.0,0.0007479183,0.0,0.0,0.0,0.0,0.041699138,0.18107551,0.13103178,0.0,0.0
TCGA-HZ-8638-01,0.036950845,0.0,0.0,0.0,0.0,0.08247072,0.0,0.0,0.0,0.0,0.009210882,0.0,0.0,0.0,0.0,0.0015138218,0.012669375,0.03354053,0.0,0.0,0.0074056094,0.0,0.0,0.0,0.0,0.24406776,0.035478394,0.0,0.0,0.12829404,0.031932585,0.1331586,0.0,0.09156819,0.0,0.12641124,0.32100624,0.0,0.055037174,0.0,0.0,0.0,0.010768624,0.12267381,0.0,0.048151966,0.0,0.0,0.0,0.0,0.23157178,0.114067465,0.028405888,0.0,0.14356384,0.0,0.20662205,0.11036025,0.0,0.08730524,0.0458072,0.0,0.0031353165,0.001196743,0.16733477,0.0,0.072301045,0.0,0.0,0.0,0.0,0.0029161002,0.018277204,0.082375996,0.0,0.0,0.0,0.0,0.055495307,0.0,0.0,0.067871414,0.0,0.0,0.0,0.0,0.04087313,0.07675802,0.050174776,0.021037107,0.16244549,0.0,0.0,0.12197056,0.024712812,0.10358796,0.0,0.0,0.19195205,0.0,0.0,0.0,0.11085943,0.0,0.021193923,0.0,0.0,0.0,0.046832096,0.0,0.0,0.0,0.0,0.04816494,0.0,0.0,0.0,0.0,0.057511363,0.0,0.0,0.0,0.14473096,0.0,0.0,0.0,0.0,0.0,0.0,0.10711315,0.0,0.0,0.0,0.058121927,0.0,0.0,0.11835693,0.089528106,0.0,0.0,0.008904449,0.057386436,0.0,0.08514049,0.0,0.287713,0.07842859,0.0,0.05973215,0.014572366,0.121481374,0.13561513,0.0,0.0,0.0,0.054681733,0.08774823,0.02550857,0.11835314,0.018802302,0.0,0.0,0.0,0.0,0.0,0.0,0.030788185,0.022018274,0.006625238,0.0,0.0,0.0,0.0,0.17544074,0.0,0.0045542815,0.0,0.021362733,0.0,0.12136865,0.20296149,0.0,0.0,0.0,0.0,0.13031712,0.18419176,0.04392904,0.11135039,0.0,0.072589055,0.0,0.072433695,0.068251826,0.0,0.009113061,0.15270744,0.08022467,0.0,0.07936219
TCGA-HZ-A49G-01,0.0,0.0,0.0,0.0,0.0,0.035779383,0.040171564,0.0,0.028279237,0.00053595594,0.0,0.0,0.18380462,0.00058421097,0.0,0.049001873,0.0,0.0,0.0,0.0,0.2597276,0.05317518,0.100563005,0.0,0.0,0.1746936,0.047238268,0.08940162,0.1365952,0.03742531,0.014657439,0.031300697,0.0,0.11379659,0.0,0.16503966,0.0,0.0,0.0022099928,0.0,0.0,0.0,0.0,0.02350594,0.09657648,0.03758923,0.0,0.06263451,0.0,0.0,0.0,0.042259317,0.14152303,0.059507992,0.14790381,0.0,0.0,0.08059156,0.025920656,0.0,0.02850742,0.0,0.072355606,0.0,0.029023992,0.0,0.0,0.036902655,0.0,0.060981646,0.0,0.0,0.0,0.0,0.0,0.0,0.0,0.0010698023,0.0,0.0,0.0,0.053691793,0.08225275,0.0,0.0021824443,0.0,0.00390356,0.0,0.062165696,0.029624304,0.06348795,0.0,0.0,0.121285334,0.13694888,0.11524774,0.061103616,0.0,0.1280355,0.0,0.014618173,0.0,0.0,0.0,0.021546645,0.0,0.20239164,0.0,0.0,0.0,0.04200824,0.18556455,0.0,0.20594676,0.00438849,0.0,0.0,0.0,0.0,0.02102636,0.14495426,0.0,0.0,0.0,0.0,0.0,0.0,0.0,0.18359882,0.02693416,0.08461071,0.0,0.0,0.0,0.0,0.012866225,0.0,0.0,0.07564786,0.0,0.0,0.15455519,0.016659308,0.012024288,0.0,0.16263497,0.0,0.0,0.041159052,0.0,0.0,0.081964776,0.16831999,0.06804877,0.0,0.118196934,0.03445482,0.0,0.0,0.17424643,0.010476831,0.013981049,0.0,0.0,0.0,0.06598853,0.0,0.0,0.0,0.18093012,0.0,0.0,0.008208894,0.0,0.26859385,0.0,0.0,0.016491244,0.0,0.09808724,0.15254778,0.0,0.16073944,0.0,0.0,0.0,0.13537592,0.17831643,0.02092756,0.019732088,0.0,0.0,0.0,0.022033783,0.0094600385,0.024253046,0.2467429,0.042879876,0.0,0.018168762
TCGA-HZ-A49H-01,0.009644157,0.0,0.0,0.0,0.0,0.16154699,0.10504133,0.15495048,0.030225674,0.12530383,0.0,0.0,0.024757043,0.0,0.0,0.0031479334,0.0,0.04276539,0.0,0.0,0.19870637,0.0,0.013007976,0.0,0.0,0.22831702,0.0,0.05526858,0.043717198,0.016803369,0.0,0.0,0.0,0.0,0.16024497,0.19486511,0.0,0.013762035,0.14255086,0.0,0.0,0.0,0.057440236,0.0,0.07186077,0.22390948,0.0,0.033439483,0.044855256,0.0,0.0,0.0,0.026897032,0.015477706,0.071097255,0.0,0.0,0.06678951,0.0,0.0,0.0,0.0,0.052525476,0.1358749,0.100018874,0.079098135,0.016372321,0.0,0.00021690849,0.0,0.0,0.0,0.0,0.039709516,0.04443048,0.0,0.0,0.07397088,0.11780932,0.0,0.0,0.12245305,0.051131215,0.0,0.0,0.0,0.013664333,0.0,0.22268477,0.0034546827,0.0,0.0,0.02072343,0.0,0.0,0.0,0.0,0.0,0.13000776,0.0,0.11721448,0.037815217,0.088654615,0.0,0.0,0.07677231,0.029321654,0.0,0.050295558,0.0,0.042803112,0.0,0.0,0.0,0.0,0.0,0.0002515037,0.0,0.029654782,0.0128206005,0.08090834,0.012534977,0.0,0.0,0.0,0.064328805,0.0,0.0,0.22456448,0.10978775,0.0,0.0,0.004302068,0.0,0.0,0.0,0.08946948,0.0,0.0,0.061356634,0.0,0.034802865,0.0,0.0,0.0,0.11752783,0.042774376,0.0,0.052431576,0.0,0.16413054,0.052265428,0.0,0.20541355,0.0,0.094942555,0.0,0.0,0.1291815,0.008220517,0.15789787,0.12958983,0.05697324,0.040782195,0.0,0.0,0.0,0.0,0.045674037,0.050446548,0.0,0.0,0.08720239,0.019756446,0.058392175,0.0,0.11653272,0.09537754,0.0,0.06407239,0.18016024,0.11233563,0.03688194,0.0,0.0,0.0,0.16466005,0.06723679,0.11294244,0.0,0.023886295,0.0,0.0,0.0,0.13046928,0.04285777,0.2713682,0.10017781,0.0,0.0
TCGA-HZ-A49I-01,0.004190461,0.07910182,0.0,0.0,0.0,0.1845221,0.0,0.0008384813,0.0,0.012179102,0.0,0.0035405108,0.13520366,0.0,0.0,0.0,0.0,0.111658715,0.0,0.0,0.09869856,0.09776701,0.0,0.0,0.11660848,0.08716969,0.09391798,0.0,0.049359612,0.16145128,0.0,0.0,0.0,0.08802593,0.0,0.025017781,0.033560112,0.0,0.0,0.0,0.0,0.0,0.24775696,0.0,0.07768965,0.18804266,0.0,0.07746392,0.07667452,0.048434414,0.1425325,0.0,0.0,0.0,0.16183513,0.0,0.14684479,0.0,0.0,0.13197616,0.1888656,0.0,0.0,0.0,0.049538195,0.0,0.0,0.022701379,0.08348674,0.0,0.0,0.0,0.06998437,0.15786865,0.0,0.0,0.0,0.0,0.0,0.08729408,0.0,0.0439083,0.0,0.1167542,0.0,0.0,0.1466179,0.0,0.10343394,0.013894535,0.11418561,0.0,0.20037149,0.08925536,0.043182604,0.0,0.0,0.0,0.065021865,0.0,0.0,0.0,0.0,0.0,0.0,0.0,0.08704654,0.0071374997,0.059182707,0.0,0.0,0.0,0.0,0.21211837,0.0,0.0,0.0022531145,0.0,0.0,0.0,0.06363864,0.11409203,0.023300823,0.0,0.052003473,0.0,0.0,0.0,0.1818657,0.0,0.0,0.0,0.09404564,0.0,0.0,0.06674821,0.085558385,0.0,0.0,0.0,0.0,0.0,0.07675675,0.0,0.0,0.12229575,0.0,0.0,0.0,0.0,0.0,0.036323223,0.06623263,0.199671,0.0,0.0,0.11471669,0.0,0.014638953,0.0,0.061586343,0.0,0.0,0.06980075,0.0,0.0,0.0,0.0,0.0,0.09111443,0.0,0.0,0.08566226,0.0,0.0,0.011284769,0.0,0.0,0.21691805,0.08903558,0.21880493,0.08230029,0.0,0.0,0.0,0.036637258,0.048426993,0.08550896,0.0,0.017512092,0.15298586,0.021915777,0.10946572,0.10983426,0.0,0.12808628,0.08225865,0.0,0.0,0.11959723
TCGA-HZ-A4BH-01,0.019283734,0.0,0.0,0.0,0.0,0.0,0.0,0.027484791,0.12176775,0.13707513,0.0,0.0,0.0642744,0.0,0.0,0.02525929,0.0,0.12834746,0.0,0.0,0.0013151846,0.0,0.08309309,0.0316241,0.0,0.30952224,0.17181419,0.0,0.0,0.0,0.0,0.0,0.0,0.10947046,0.0,0.08584017,0.13252166,0.04904195,0.07524278,0.0,0.10684774,0.0033014726,0.0,0.0,0.112771966,0.0012764657,0.0,0.12793599,0.03827109,0.05845151,0.10876106,0.028895741,0.2005454,0.0,0.089807935,0.0,0.0,0.2503896,0.0066796932,0.0,0.057658073,0.008499734,0.070274234,0.0,0.2168742,0.0,0.049675863,0.08750737,0.0,0.0,0.0,0.0,0.0,0.0155674135,0.004874135,0.15855128,0.0,0.0,0.0,0.05716071,0.0,0.01185619,0.07720772,0.0,0.012488174,0.0,0.032873157,0.0,0.0,0.06597787,0.040732246,0.044085845,0.04856408,0.031202013,0.25791508,0.036011934,0.0,0.0,0.08675001,0.0,0.0,0.13731638,0.0,0.0,0.0,0.0070179757,0.06255823,0.0,0.17972314,0.0,0.0,0.101184286,0.0,0.06857977,0.0,0.0,0.022467151,0.0,0.0,0.017868554,0.05735636,0.0,0.0,0.0,0.042381685,0.0,0.0,0.0,0.17163311,0.10869651,0.0,0.0,0.0,0.0,0.0,0.014525554,0.0,0.0,0.0058265585,0.11007992,0.035015788,0.11370892,0.0,0.0,0.0,0.17343163,0.021040237,0.0,0.08249791,0.0,0.0,0.0,0.044674415,0.014443116,0.11256759,0.0,0.05636604,0.0,0.0,0.053356368,0.15614614,0.08586115,0.0,0.08775495,0.0,0.0,0.0,0.0,0.0,0.0,0.0,0.0,0.13447596,0.0,0.13987829,0.0,0.0,0.0777941,0.059845846,0.06767362,0.14507318,0.0,0.11213306,0.07024236,0.0,0.0,0.0051312717,0.12919803,0.054650314,0.0,0.012402759,0.0,0.0,0.012918926,0.0,0.050903887,0.2307641,0.029230986,0.0,0.0
TCGA-HZ-A4BK-01,0.0,0.0,0.0,0.0,0.0,0.0,0.11762668,0.08883082,0.12620562,0.0,0.0,0.0,0.0025719986,0.0,0.0,0.0,0.0,0.02492458,0.0,0.0,0.0,0.025731606,0.05223082,0.0,0.0,0.17961662,0.0,0.27230912,0.11253029,0.093127295,0.056664728,0.15654232,0.0,0.03811768,0.0,0.037309054,0.14368603,0.14098625,0.08997434,0.0048701405,0.0,0.0,0.065822735,0.0,0.01328935,0.20597506,0.0,0.15848245,0.0,0.041700523,0.036697313,0.08786085,0.18768194,0.0,0.047771197,0.0,0.10414741,0.0,0.0,0.038931083,0.08782751,0.0,0.020335538,0.0031889156,0.1029035,0.0,0.005283446,0.12511802,0.0,0.0,0.060116254,0.0,0.0,0.13376263,0.0,0.0,0.0,0.0,0.02415348,0.0035521213,0.0,0.15934378,0.036152687,0.0,0.0,0.0,0.0168371,0.0,0.0,0.025187643,0.11006873,0.0019687195,0.021824786,0.04992616,0.0,0.0,0.0,0.0,0.25005752,0.0,0.0,0.0,0.029424438,0.0,0.0,0.048140746,0.13257644,0.0,0.03682825,0.0,0.10441489,0.0,0.052356426,0.089796,0.0,0.030711286,0.0,0.0,0.0,0.0,0.086827144,0.0,0.0,0.0,0.0,0.0028590343,0.0,0.0,0.045613863,0.21167518,0.0,0.0,0.055963457,0.0,0.0,0.0,0.015576466,0.0,0.0,0.0,0.030056234,0.0,0.0,0.0,0.0135248685,0.15991104,0.11470335,0.0,0.045003813,0.040642384,0.0,0.0,0.11712936,0.001665862,0.1479211,0.0,0.08238715,0.04537092,0.0,0.11123939,0.20673674,0.0,0.0,0.0,0.0,0.0,0.0,0.0,0.017238514,0.0,0.040084988,0.0,0.041789297,0.118504986,0.009173476,0.0,0.0,0.13304137,0.0,0.051186733,0.111735396,0.0,0.09367029,0.004335112,0.0,0.0,0.07421819,0.15804692,0.12257638,0.0028499626,0.12869038,0.018242108,0.00033154016,0.051303636,0.0,0.14270265,0.2543927,0.013002577,0.0,0.04004789
TCGA-HZ-A77O-01,0.0,0.02257529,0.0,0.0,0.07621655,0.037351143,0.0,0.06912995,0.0,0.010403685,0.0,0.0,0.0,0.0,0.039284144,0.17449725,0.1041222,0.07234134,0.0,0.03069369,0.0,0.0,0.0,0.011869138,0.0,0.24087682,0.0,0.0,0.040366862,0.05353596,0.0,0.0,0.0,0.05992068,0.0,0.0021967713,0.06251435,0.060809206,0.0,0.0,0.0,0.0,0.03555913,0.0,0.13255727,0.23484813,0.0,0.0,0.0,0.080811694,0.0,0.0,0.030687906,0.18713608,0.03618939,0.0,0.0,0.1467322,0.0,0.009925984,0.113389775,0.0,0.02105499,0.0977807,0.072094396,0.0,0.00915849,0.1340214,0.0,0.009870495,0.0,0.0,0.0,0.03299312,0.0,0.04007239,0.0,0.0,0.0,0.0,0.0,0.025555495,0.1914655,0.0,0.0,0.0,0.0,0.0,0.16466092,0.14642555,0.0,0.0,0.0848527,0.116135076,0.20262048,0.0,0.08225631,0.0,0.07290915,0.0,0.018977232,0.0,0.0,0.040286124,0.07469542,0.10958991,0.0,0.06815862,0.0,0.0,0.0,0.0,0.17537867,0.0,0.0,0.10662285,0.08093998,0.0,0.0,0.050367806,0.0,0.08612573,0.0,0.0,0.0,0.0,0.0,0.0,0.021749418,0.0,0.0,0.0033724546,0.0,0.01674429,0.0,0.0,0.17601247,0.0,0.0,0.0,0.0,0.059325654,0.07933375,0.095225655,0.0,0.0,0.20701434,0.0,0.087444976,0.0,0.103146896,0.011424837,0.1140137,0.13664345,0.0,0.028789502,0.0,0.0,0.077334344,0.028330509,0.004864464,0.06055955,0.0,0.0,0.0,0.12877476,0.0073013,0.0,0.0,0.077328965,0.0,0.007176668,0.066145875,0.1567264,0.0,0.0,0.0,0.1219061,0.31766728,0.0,0.1750471,0.024098199,0.0,0.0,0.0,0.027982676,0.063339,0.18438472,0.0,0.0,0.0,0.0,0.06141355,0.11687524,0.09349696,0.09628924,0.054389816,0.054816436,0.0,0.0
TCGA-HZ-A77P-01,0.0019865267,0.053106356,0.0,0.0,0.1273478,0.10471844,0.05290519,0.0,0.038082704,0.0,0.0,0.0,0.012843034,0.0,0.0,0.17386597,0.0,0.12834227,0.0,0.0,0.021184802,0.061189465,0.03543964,0.0,0.037598755,0.27058533,0.06462816,0.0,0.13190682,0.0,0.16625744,0.0,0.0,0.08687585,0.0,0.17742617,0.13402407,0.0,0.23873837,0.0,0.0,0.0,0.14122784,0.010799808,0.039758448,0.0,0.0,0.0,0.15934794,0.086678825,0.031443004,0.11760598,0.12942009,0.039129827,0.0,0.0,0.009152788,0.18660925,0.15688796,0.0,0.10732952,0.0,0.006258721,0.10651483,0.18481638,0.0,0.028439343,0.1412192,0.0,0.0,0.05182047,0.0,0.0,0.0,0.09757676,0.039629158,0.0,0.0,0.0,0.0,0.0,0.057545394,0.1374384,0.0,0.01504983,0.0,0.08024932,0.0,0.004369747,0.023812786,0.0,0.0,0.0,0.21114974,0.07294051,0.10425491,0.0,0.0,0.0835163,0.0,0.0,0.0,0.04218319,0.0,0.0,0.054489486,0.13864534,0.056183174,0.0,0.026396966,0.0,0.004336071,0.0,0.16151944,0.0,0.09975852,0.0,0.0,0.0,0.0,0.0,0.0,0.0,0.0,0.0,0.0,0.0,0.0,0.11177914,0.09351572,0.0,0.0,0.030870311,0.036955707,0.0,0.0,0.0,0.0,0.0067944583,0.0,0.011629237,0.06349008,0.07931323,0.0,0.0,0.15582927,0.0052331146,0.0,0.0,0.0,0.0,0.17127551,0.0,0.0,0.142503,0.0,0.053830247,0.0,0.10086218,0.07884467,0.02675929,0.0,0.0,0.0,0.0,0.0060855327,0.03907049,0.0,0.0,0.0019386882,0.0,0.0,0.018014694,0.0,0.0,0.0,0.0,0.060093563,0.027368335,0.027886232,0.050492655,0.08421132,0.09362948,0.0,0.0,0.0,0.0540013,0.020937882,0.21887816,0.0,0.1585105,0.0,0.0,0.0,0.038715597,0.10193237,0.17889531,0.044889208,0.0,0.0
TCGA-HZ-A77Q-01,0.028298648,0.10231029,0.0,0.0,0.013596538,0.0,0.05808833,0.030765234,0.0,0.091945834,0.0,0.0,0.033673562,0.0,0.0,0.108401656,0.0,0.008815252,0.0,0.0,0.057980105,0.12448147,0.057233132,0.0,0.03197675,0.16441625,0.0,0.0,0.04357762,0.07616077,0.046306495,0.12532096,0.0,0.2009509,0.0,0.058222584,0.06169642,0.07286315,0.20938377,0.0,0.0,0.0,0.089052424,0.0,0.011692208,0.054193433,0.0,0.070382535,0.15218692,0.18894508,0.090693675,0.0,0.14231311,0.05269837,0.035380743,0.0,0.0,0.030158935,0.09447779,0.0,0.0,0.0,0.019175878,0.06286549,0.0,0.0,0.0,0.059989017,0.0,0.025928134,0.00122057,0.0,0.024458947,0.0837619,0.0,0.0497965,0.0,0.0,0.0,0.0,0.0,0.12404301,0.034215204,0.0,0.07858154,0.0,0.003754128,0.0,0.04714626,0.0,0.09362225,0.0,0.07975143,0.1312306,0.07476149,0.043742176,0.0,0.0,0.25634357,0.0,0.04128082,0.0,0.0,0.0,0.0,0.0,0.0,0.0,0.11046168,0.0,0.0,0.0,0.0,0.28078786,0.0,0.050951764,0.0,0.0,0.0,0.14237495,0.05324545,0.0,0.0,0.0,0.13682234,0.0,0.22541131,0.0,0.07237169,0.073554,0.0,0.01576026,0.0,0.06476939,0.0,0.08265573,0.03642726,0.0,0.059902743,0.0,0.0,0.1717979,0.15373644,0.0,0.0,0.22411272,0.0,0.0,0.021280603,0.013823015,0.0,0.0,0.025902215,0.0,0.049051493,0.05911332,0.0,0.016226698,0.0,0.0,0.00045299673,0.025243297,0.0,0.0,0.0,0.0,0.0,0.0,0.0,0.10362683,0.0,0.0,0.061330143,0.0,0.0,0.0,0.0,0.0214111,0.0,0.0,0.25605336,0.0,0.013272982,0.0,0.0,0.0,0.10604634,0.16071819,0.019195352,0.08242421,0.0,0.0,0.0,0.0,0.0,0.11877292,0.13002485,0.06369646,0.0,0.19403023
TCGA-HZ-A8P0-01,0.0,0.014928264,0.0,0.0,0.017711662,0.13017961,0.0,0.057420585,0.0,0.039708212,0.0,0.0,0.0,0.0,0.044676933,0.1516274,0.0,0.09163491,0.0,0.0,0.0,0.0,0.0,0.0,0.039479233,0.17418195,0.03662112,0.12407742,0.03788428,0.12985058,9.898846e-05,0.0,0.0,0.039005812,0.0,0.01233815,0.0,0.0,0.26319456,0.0,0.0,0.0,0.117484406,0.0,0.08615998,0.17123841,0.0,0.0,0.09169251,0.12471667,0.03794548,0.00621177,0.063252926,0.0,0.062412173,0.0,0.0,0.14466165,0.0,0.031528626,0.14124842,0.0,0.0,0.07995665,0.09371861,0.0,0.0,0.103193976,0.17954983,0.0,0.00062176876,0.0,0.0362392,0.23154366,0.0,0.0063624657,0.0,0.0,0.06453945,0.0,0.0,0.120593786,0.03912246,0.0,0.0,0.0,0.0,0.0,0.0032462026,0.06981886,0.006277046,0.0,0.07512168,0.09052878,0.0916766,0.044205524,0.0,0.0,0.032966945,0.0,0.0,0.0,0.03961736,0.06191354,0.15441509,0.0,0.20077214,0.05238816,0.0,0.0,0.0,0.0,0.069574594,0.0,0.0,0.0,0.0,0.0,0.0,0.0,0.0,0.20894593,0.0,0.0,0.0,0.0,0.0,0.0,0.09272067,0.12858297,0.0,0.0,0.17201425,0.07841304,0.0,0.0,0.037553,0.0,0.0,0.0,0.0,0.0,0.0,0.0,0.0,0.24464144,0.0,0.0,0.050537426,0.0,0.0,0.00088895974,0.070958644,0.11258854,0.0,0.0,0.0,0.030967204,0.01108175,0.0,0.0,0.0,0.0,0.09090961,0.0,0.08004254,0.09594558,0.0,0.08125781,0.049297046,0.0,0.0,0.24737486,0.020462748,0.0,0.0,0.0,0.03914912,0.2744666,0.0,0.20291491,0.0,0.0,0.1543313,0.0,0.0,0.020719472,0.009856769,0.0,0.0,0.009667519,0.0,0.0,0.0,0.0,0.03857006,0.084803626,0.0,0.0,0.08481309
TCGA-HZ-A8P1-01,0.0,0.09665056,0.0,0.0,0.0,0.026409343,0.024393152,0.0,0.0,0.13567543,0.094611466,0.021188702,0.0,0.0,0.0,0.12310364,0.0,0.05136607,0.013722053,0.0,0.05571625,0.04526156,0.029981893,0.0,0.0,0.18097393,0.12984921,0.11549854,0.10975642,0.07943119,0.0697963,0.0141366655,0.0,0.043478265,0.0,0.18246621,0.16336595,0.043676637,0.096027896,0.0,0.0,0.0,0.07149901,0.04746084,0.0,0.05486078,0.0,0.06710117,0.04766139,0.0,0.009893232,0.00420253,0.0,0.14330736,0.06262331,0.0,0.07654316,0.096442595,0.13740322,0.0,0.07982815,0.0,0.0,0.0,0.1472711,0.0,0.0,0.16420211,0.0,0.019444166,0.0,0.0,0.02493892,0.0,0.0,0.045460287,0.0,0.0,0.0,0.0,0.0,0.27416727,0.004265815,0.12407934,0.033393532,0.0,0.0,0.0,0.0,0.019427553,0.04639808,0.0,0.035620302,0.039459575,0.20893829,0.022390058,0.0,0.009181656,0.0758307,0.0,0.05961237,0.0,0.0,0.0,0.0072761145,0.063950665,0.043686386,0.04993478,0.24081051,0.0,0.0,0.0,0.0,0.0,0.0,0.015991386,0.053306565,0.0,0.0,0.0,0.0,0.05920027,0.0,0.0,0.0,0.1255036,0.0,0.0,0.03264017,0.0,0.0,0.0,0.06325255,0.0006895597,0.0,0.0,0.0,0.021816097,0.0,0.0,0.0,0.10516576,0.0,0.016825652,0.0,0.15912724,0.0,0.0,0.026428664,0.08330809,0.022977285,0.0,0.0,0.0,0.0,0.0,0.13429712,0.0,0.0,0.040220853,0.0,0.0,0.016447177,0.0,0.0,0.0,0.0,0.0,0.0,0.20634998,0.0,0.0,0.16850708,0.14858344,0.04947734,0.0,0.0,0.093343854,0.0,0.04117902,0.2956439,0.0,0.0,0.22581726,0.023239551,0.0,0.11149719,0.109058455,0.0,0.16266619,0.003759865,0.0,0.03982419,0.0,0.039220147,0.05989236,0.069481805,0.043713845,0.0,0.15940891
TCGA-HZ-A9TJ-01,0.0,0.05553317,0.0,0.062126268,0.03268638,0.010870673,0.0,0.081993796,0.112263344,0.021784525,0.0,0.0,0.0,0.0,0.0,0.08454128,0.0,0.012606904,0.0,0.0,0.0,0.052613247,0.00675731,0.0,0.0,0.29864317,0.02992954,0.09592827,0.15281615,0.015747378,0.04101527,0.0,0.0,0.057771947,0.0,0.070179574,0.026776813,0.0,0.14062887,0.0,0.0,0.0,0.062221065,0.0,0.017092004,0.15812024,0.0,0.0,0.041418094,0.0,0.011238356,0.10894597,0.0,0.27637494,0.101375,0.0,0.0,0.13407221,0.13748863,0.08998832,0.0,0.0,0.0,0.0,0.25699595,0.0,0.096479066,0.26056528,0.061146747,0.0,0.11400925,0.0,0.023535691,0.0021581505,0.0,0.0,0.0,0.0,0.023187896,0.0,0.0,0.10986707,0.0,0.0,0.09516839,0.0,0.0,0.008093743,0.27315146,0.0,0.0,0.0,0.0137648,0.077803314,0.19709471,0.07245747,0.0,0.03340684,0.0,0.033158444,0.0882143,0.05726963,0.0,0.0,0.0,0.0,0.0,0.0,0.08555081,0.068891674,0.0,0.0,0.0,0.0,0.011192833,0.0,0.22127068,0.0,0.06704557,0.0,0.0,0.0,0.0,0.11751436,0.0,0.0,0.0,0.0,0.055551406,0.04286793,0.0025153426,0.0,0.08493735,0.122525744,0.0,0.0,0.0,0.022086091,0.0004901388,0.012140542,0.0,0.16638522,0.0,0.018169504,0.08519489,0.09570309,0.0,0.0,0.0,0.039684165,0.0,0.033299368,0.047176365,0.03598453,0.0,0.0,0.06740716,0.0,0.037171047,0.014020423,0.0,0.0,0.0,0.0,0.0,0.041963067,0.0,0.0,0.017507093,0.21854062,0.0,0.0,0.037612814,0.0,0.0,0.0,0.0,0.0,0.0050284453,0.027845185,0.17689753,0.0016893808,0.043651503,0.0856124,0.0023924527,0.0,0.05833507,0.1170993,0.0,0.1044926,0.11311497,0.0,0.039405055,0.057891026,0.03964038,0.0,0.08859305,0.026226066,0.0,0.03437602
TCGA-IB-7644-01,0.028702024,0.21641938,0.0,0.05793992,0.0,0.08965511,0.06973797,0.07042488,0.0,0.0057403264,0.023812892,0.0,0.037602693,0.0,0.039650217,0.021187574,0.0,0.0,0.0,0.0,0.15141693,0.03636822,0.024257936,0.0,0.0,0.32784936,0.050446816,0.0,0.0418359,0.21564978,0.07512585,0.039260227,0.0,0.0,0.0,0.052694816,0.15286535,0.0003571997,0.18536973,0.0,0.0,0.0,0.12167174,0.0,0.0008887299,0.035877835,0.0,0.0,0.010827398,0.064666554,0.040857077,0.0,0.07481823,0.23970705,0.011704222,0.0,0.0,0.015012825,0.0,0.0,0.0,0.0,0.19473886,0.0,0.05933503,0.07824896,0.16892484,0.054903124,0.021639312,0.10456323,0.19822909,0.0,0.0,0.0,0.044309516,0.15146598,0.0,0.0,0.0,0.0,0.0,0.18932657,0.0,0.0,0.0,0.0,0.003889568,0.0,0.004066514,0.0,0.0,0.0063532116,0.0,0.13166215,0.03554849,0.20279956,0.0,0.0,0.16624098,0.0,0.035239358,0.0,0.0,0.0,0.0,0.0,0.09726466,0.013922123,0.03871666,0.0,0.0,0.0,0.0,0.0,0.0,0.10997111,0.043754146,0.0,0.0,0.030988684,0.0,0.0,0.0,0.0,0.0,0.0,0.0,0.0,0.0,0.038970385,0.10731664,0.0,0.060178805,0.0,0.0,0.0,0.049214017,0.0,0.0,0.0,0.0,0.0143015515,0.016698627,0.0,0.0,0.09621739,0.050446767,0.0,0.081069775,0.0,0.10103964,0.0,0.052736748,0.13053147,0.053899888,0.0,0.123717226,0.0,0.0,0.0,0.0,0.047860555,0.0,0.093931146,0.0,0.21998973,0.0,0.0,0.0,0.05308037,0.0,0.0,0.14667223,0.0,0.0,0.13543637,0.01112341,0.13479821,0.12681802,0.0,0.18967247,0.0,0.0,0.0,0.0,0.0,0.089112535,0.04021613,0.06739221,0.0,0.02986966,0.0,0.053765595,0.0,0.0,0.09399054,0.0,0.0,0.0,0.0
TCGA-IB-7645-01,0.12025267,0.0036395392,0.0,0.0,0.089795455,0.0,0.0,0.0,0.115370184,0.12532328,0.020208493,0.044509694,0.038694005,0.0,0.0,0.09157154,0.0,0.0,0.028260212,0.0,0.1390893,0.07879316,0.088958316,0.01533319,0.064399496,0.15895596,0.23784997,0.0,0.015065444,0.07933857,0.040770505,0.031564306,0.0,0.12722808,0.041582137,0.06766469,0.09543066,0.086528,0.07551553,0.0,0.0,0.0,0.23343468,0.0,0.057722807,0.08405808,0.0,0.13599813,0.18216032,0.10827528,0.09223379,0.0,0.2269561,0.0,0.035206877,0.0,0.0651873,0.076228075,0.12422567,0.0,0.071038164,0.0,0.026645705,0.031362668,0.052288648,0.0,0.0,0.034327157,0.0,0.0120253265,0.0,0.0,0.014321738,0.058538295,0.0,0.08287231,0.0248268,0.0,0.0,0.0,0.0,0.047912378,0.029449267,0.0,0.032285355,0.0,0.0056916466,0.0,0.051072218,0.022989953,0.101522245,0.0,0.067567654,0.14351651,0.08214684,0.02561057,0.014830781,0.0,0.18193677,0.0,0.0,0.0,0.0,0.0,0.03471999,0.0,0.090778604,0.0,0.0,0.0,0.0,0.023840694,0.0,0.07406534,0.0,0.038340263,0.0,0.0,0.0,0.13978504,0.0,0.0,0.0,0.0,0.013238757,0.0,0.0,0.0,0.15360938,0.028174002,0.0,0.0,0.0,0.035385016,0.0,0.00036317436,0.0,0.04039014,0.0,0.029182838,0.0,0.0600353,0.0,0.0,0.0,0.27557373,0.0,0.0,0.080165155,0.0,0.0,0.015035859,0.0,0.0,0.0,0.13425983,0.07484999,0.0,0.0,0.08032185,0.0,0.0,0.0,0.0,0.0,0.036622003,0.0,0.0,0.11772207,0.08401019,0.0,0.0,0.07251099,0.0,0.0,0.0,0.0,0.0,0.075617366,0.13959388,0.37796193,0.0,0.1361041,0.0,0.0,0.0,0.1411693,0.039585974,0.0,0.0,0.016735235,0.0,0.018024296,0.0,0.0,0.0,0.09386556,0.08448593,0.0,0.0892079
TCGA-IB-7646-01,0.018963479,0.0,0.0,0.0,0.0,6.800612e-05,0.0,0.015140513,0.0,0.13793984,0.0,0.020930463,0.0,0.0,0.0,0.08832594,0.0,0.0,0.06118382,0.04225406,0.09159878,0.0,0.0,0.0,0.0,0.08717935,0.20006965,0.020930637,0.011024524,0.025734616,0.0,0.0,0.0,0.075382665,0.0,0.069422595,0.1725958,0.0,0.12099685,0.0,0.0,0.0,0.0,0.0,0.0,0.0,0.0,0.047772538,0.014692439,0.062665634,0.041582055,0.0,0.0,0.0059812116,0.0520036,0.069190696,0.0,0.1885345,0.0,0.05768665,0.15177286,0.0,0.042573348,0.029943224,0.03891043,0.09065678,0.2165212,0.0,0.07468069,0.11252151,0.0,0.0,0.0,0.015125902,0.0,0.0,0.0,0.061903093,0.01604582,0.0,0.0,0.16118118,0.10294955,0.0,0.0,0.0,0.0,0.0,0.0419925,0.0,0.16109376,0.0,0.0,0.24191782,0.12734419,0.0,0.0,0.0,0.16539839,0.0,0.0,0.0,0.0,0.0,0.08891947,0.0,0.021065857,0.0,0.08543353,0.0,0.0,0.055782225,0.0,0.0565075,0.0,0.07535421,0.06639667,0.0,0.0,0.16207163,0.0,0.0,0.0,0.0,0.0,0.0,0.1294543,0.0,0.023744252,0.0,0.02447734,0.0,0.03859544,0.01260473,0.0,0.0,0.12610564,0.0,0.0,0.0,0.0,0.0,0.077991,0.16310687,0.0,0.14920606,0.113075905,0.0,0.0,0.0,0.0,0.0,0.0,0.04444118,0.0014729239,0.23443763,0.07721162,0.0,0.0,0.0,0.0,0.0,0.013632495,0.13594511,0.0,0.08729289,0.0,0.0,0.029011672,0.10848497,0.0,0.0,0.20973161,0.0,0.127466,0.053285312,0.0,0.0,0.097483724,0.0,0.17055288,0.0,0.16921474,0.034274727,0.0,0.0,0.041507795,0.13912879,0.022044308,0.011976386,0.009488755,0.0,0.13547982,0.0,0.0,0.07496857,0.21128923,0.09343915,0.0,0.18614197
TCGA-IB-7647-01,0.044479802,0.018869309,0.0,0.0109157665,0.08680715,0.0,0.0,0.0,0.08724632,0.002187902,0.0,0.0,0.0,0.0,0.023068212,0.075062186,0.0,0.10277189,0.066016816,0.0,0.057853773,0.05056402,0.15630732,0.04964532,0.0134370765,0.20318013,0.14761882,0.10576625,0.022176264,0.073252395,0.07632775,0.027350761,0.0,0.21427031,0.061413947,0.02371553,0.16607484,0.0,0.16702786,0.0,0.0,0.0,0.22148019,0.0,0.0,0.08407041,0.0,0.12917255,0.13573314,0.049912803,0.10448426,0.0,0.082406014,0.008444489,0.042955678,0.0,0.07090413,0.13556354,0.13348892,0.053916942,0.016403869,0.0,0.055911448,0.12152912,0.07450505,0.018597336,0.1449449,0.120036066,0.0,0.01732776,0.0,0.0,0.0,0.0,0.0,0.0,0.0,0.0,0.0,0.0,0.0,0.103874706,0.05506994,0.0,0.16822907,0.0,0.0,0.0,0.06468572,0.036173224,0.0,0.0,0.07939883,0.20620863,0.064043105,0.02038015,0.0,0.0,0.124549225,0.0,0.0015442525,0.0,0.0,0.0,0.0,0.0,0.0,0.0,0.06230059,0.0,0.0,0.12273708,0.0,0.2143027,0.014709437,0.008231819,0.0,0.0,0.0,0.061323162,0.023191303,0.0025587732,0.0,0.0074317097,0.0094566615,0.0,0.1805989,0.0,0.1383765,0.06698902,0.0012559204,0.011903954,0.0,0.11966472,0.0,0.028954677,0.0,0.0026972808,0.06309434,0.0,0.0,0.0,0.067772396,0.0,0.0,0.19755436,0.0,0.0,0.0,0.0,0.0,0.02115695,0.0,0.0,0.010183409,0.09633177,0.059826903,0.13051201,0.016990649,0.0,0.0,0.0,0.0,0.0,0.04731995,0.0,0.0,0.0,0.09545121,0.1318542,0.0,0.0,0.14521904,0.0,0.0,0.0,0.0,0.015852243,0.0,0.12676282,0.24017477,0.0,0.0045682313,0.0013227672,0.0,0.0,0.023081936,0.06855552,0.0,0.113116756,0.015174,0.0,0.018559912,0.0,0.0,0.061171062,0.090481944,0.097918004,0.0,0.13678156
TCGA-IB-7649-01,0.0,0.0,0.0,0.0,0.0,0.0,0.0,0.19348463,0.0036434613,0.20779754,0.007840437,0.0,0.03813039,0.0,0.06524987,0.0,0.0,0.0,0.02875634,0.07175778,0.10325508,0.0,0.015938744,0.0,0.0,0.16206624,0.0063290657,0.0,0.0,0.0,0.0,0.0,0.0,0.21918869,0.0,0.016799502,0.042594764,0.033227067,0.09079955,0.0,0.14375392,0.0,0.17381166,0.0,0.044608507,0.16118892,0.0,0.087986425,0.0,0.026955739,0.026610538,0.027680788,0.025887666,0.0,0.056532852,0.0,0.0,0.021982765,0.0226992,0.002410543,0.03097174,0.0,0.08328597,0.0,0.15135843,0.0,0.023807928,0.13426894,0.0,0.0,0.0057474584,0.0,0.0,0.029516086,0.0,0.01698831,0.016192416,0.009289009,0.0,0.01645834,0.0,0.14031574,0.084824614,0.0,0.0,0.0,0.0,0.038812123,0.017906543,0.0,0.011208598,0.0054442934,0.0,0.0,0.084050156,0.0,0.0,0.0,0.18071398,0.0,0.17714377,0.0,0.0,0.0,0.15421751,0.056893907,0.0033587634,0.0,0.0,0.012437643,0.11570406,0.0,0.0,0.20880774,0.05003116,0.08939521,0.0,0.0,0.0,0.04955376,0.08568771,0.024482103,0.0,0.050093558,0.0,0.0,0.013450057,0.0,0.15245223,0.047659017,0.18110965,0.0,0.025965849,0.093168095,0.0,0.0,0.0036082994,0.0,0.039209668,0.0,0.0,0.0,0.099770896,0.0,0.0,0.22392735,0.0,0.0,0.10861947,0.0,0.0,0.17136651,0.034774598,0.08386294,0.14072302,0.041827884,0.0,0.0,0.0,0.16076002,0.08958668,0.0,0.0,0.07528952,0.0,0.042622354,0.0,0.0,0.0026205874,0.16648038,0.0,0.036878016,0.043349836,0.0,0.082646675,0.0,0.0,0.012461715,0.064233474,0.0040797787,0.04443089,0.072202556,0.0,0.0,0.03135955,0.0,0.34128985,0.14859582,0.11464814,0.0,0.02775983,0.0,0.0,0.0,0.060567334,0.052392546,0.030640403,0.008844606,0.0,0.08073664
TCGA-IB-7651-01,0.054376442,0.0,0.0,0.0,0.0,0.0,0.0,0.16349219,0.09275879,0.0401043,0.0,0.05225819,0.0,0.0,0.0,0.0,0.0,0.0,0.09534683,0.0,0.13884114,0.0,0.0,0.0,0.0,0.12649664,0.0,0.034806047,0.0,0.052597437,0.0,0.019273229,0.0,0.19589803,0.0,0.11574905,0.1556434,0.003742,0.1736293,0.0,0.0,0.0,0.17548415,0.0,0.0,0.0,0.0,0.0014055886,0.032319173,0.0,0.049962476,0.13839978,0.13049921,0.0,0.061807252,0.036100756,0.0,0.040744074,0.00087356765,0.09622494,0.0012779917,0.0,0.0014726338,0.07465685,0.050086506,0.0,0.22772887,0.036950383,0.043107152,0.051413152,0.0,0.0,0.0,0.0,0.0209073,0.0,0.0,0.0,0.0,0.0,0.0,0.12509081,0.13928956,0.0,0.07795754,0.0,0.0,0.054150842,0.07185562,0.08765554,0.06378055,0.0,0.12702967,0.17137162,0.0,0.04559562,0.0,0.08453051,0.021027196,0.0,0.013605156,0.0,0.079964735,0.0,0.0030898743,0.0,0.1257946,0.0,0.06834182,0.0,0.0,0.023971742,0.0,0.023578797,0.0,0.0,0.111958325,0.0,0.0,0.11423501,0.008255859,0.004405475,0.0,0.0,0.0,0.0,0.088083416,0.0,0.04749009,0.071128,0.25388032,0.034680303,0.10199201,0.12729853,0.0,0.0022432343,0.0,0.0,0.0,0.0,0.0,0.0,0.027114535,0.0,0.0,0.15195577,0.0,0.0,0.19213079,0.01111321,0.0,0.0019072915,0.041489724,0.12963344,0.044675346,0.0,0.0,0.0,0.0,0.13913321,0.0,0.0,0.0,0.0835742,0.0,0.015015741,0.0,0.0,0.032044932,0.11130926,0.058915816,0.0,0.1539923,0.0,0.15412596,0.0,0.0,0.0,0.17958912,0.0,0.15794629,0.0,0.121596016,0.023360327,0.0,0.0,0.13383336,0.17735547,0.0,0.0,0.0,0.0,0.02167771,0.0,0.0,0.072194375,0.07128334,0.24222066,0.0,0.09303852
TCGA-IB-7652-01,0.0,0.0,0.0,0.0,0.09832641,0.060079053,0.0,0.007822785,0.0,0.16642235,0.0,0.0,0.0,0.0,0.0,0.0,0.006407437,0.0,0.0,0.0,0.049707208,0.0,0.11384088,0.12901276,0.0,0.0502362,0.0,0.072906524,0.029399684,0.108335964,0.11244752,0.096179046,0.0,0.114059456,0.0,0.040283907,0.06369216,0.1779968,0.12133298,0.0,0.0,0.0,0.09801706,0.0,0.051087607,0.04033581,0.0,0.0,0.0,0.066005185,0.0,0.01611982,0.0,0.0,0.19039801,0.0,0.0,0.09901931,0.09754482,0.0,0.121428214,0.0,0.12453411,0.04787732,0.1553583,0.025055885,0.08576427,0.065066434,0.026673192,0.0,0.16368519,0.0,0.0,0.0,0.0,0.20578581,0.046084195,0.0,0.0,0.0,0.0,0.0,0.020650346,0.0,0.0,0.0,0.041477777,0.0,0.018500034,0.08721038,0.0,0.0,0.2610512,0.09243667,0.05804957,0.09601115,0.0,0.0,0.22762592,0.0,0.0,0.12012925,0.0,0.0,0.024500674,0.0,0.048419364,0.0,0.2153696,0.0,0.0,0.0697416,0.0,0.0,0.0,0.0,0.04795288,0.0,0.0,0.067344524,0.0,0.0,0.102511525,0.0,0.07546747,0.0,0.1531475,0.0,0.09557387,0.0010135078,0.18368796,0.0,0.083437644,0.0,0.0,0.0,0.08463471,0.0,0.0,0.0,0.0,0.0,0.13090192,0.0,0.0,0.078424595,0.0,0.0,0.0679248,0.0,0.0,0.041853882,0.04791887,0.10169218,0.18974899,0.08137774,0.0,0.056075927,0.0,0.07802558,0.0,0.0053191865,0.0,0.15823644,0.02348347,0.0,0.013243063,0.0,0.1395854,0.13630086,0.0,0.0,0.0,0.06263618,0.0,0.01805789,0.0,0.055904277,0.048456997,0.0,0.14897381,0.0,0.016418515,0.16779172,0.0,0.0,0.1829761,0.10252675,0.0,0.0,0.0,0.0,0.10834995,0.0,0.04888185,0.068775855,0.0034464912,0.0,0.0,0.0
TCGA-IB-7885-01,0.09615265,0.16659005,0.0,0.0,0.13917816,0.025970668,0.00503181,0.09496396,0.08533059,0.0,0.047724254,0.035918523,0.003508833,0.0,0.0,0.0,0.04852417,0.0,0.0,0.07306814,0.0020888604,0.04228959,0.0,0.0,0.13970861,0.15697761,0.091759324,0.060276926,0.008510617,0.0,0.09368172,0.004903877,0.0,0.051391087,0.0,0.04348118,0.051510535,0.1565422,0.10771259,0.0,0.0,0.0,0.08687026,0.043601677,0.0,0.11437012,0.0,0.057655454,0.18774901,0.095294215,0.092516914,0.18636103,0.12548652,0.05308516,0.012651415,0.0,0.01090447,0.016043676,0.03904155,0.031128936,0.055222094,0.0,0.0,0.07748428,0.06569615,0.0,0.15769607,0.0,0.059569642,0.11898918,0.0,0.0,0.0,0.0,0.0,0.064286485,0.0,0.0,0.04900737,0.0,0.0,0.0,0.06202176,0.0,0.0,0.0,0.16401415,0.0,0.1795893,0.0,0.0,0.0,0.13535023,0.08447362,0.040806986,0.0,0.0,0.013590957,0.12683928,0.0,0.040020935,0.0,0.0,0.0,0.048113745,0.027078267,0.0,0.0,0.027192729,0.0,0.0,0.0,0.0,0.042498544,0.0,0.12145968,0.0,0.0,0.0,0.21290576,0.071916245,0.0,0.0,0.0,0.03191411,0.0,0.12364835,0.0,0.06997475,0.017956382,0.0,0.0,0.035471734,0.080564365,0.0,0.0,0.016079802,0.0,0.088893,0.0,0.0,0.0,0.08145042,0.0,0.0,0.17888826,0.0,0.0,0.0,0.0,0.0,0.0,0.0,0.028315004,0.020826142,0.1608359,0.0062097833,0.066262625,0.0,0.0882406,0.14294556,0.0,0.03353311,0.17898531,0.0,0.0,0.12154815,0.0027650134,0.060493197,0.11858256,0.0,0.0,0.25537777,0.0,0.0,0.0,0.0,0.028634274,0.043454144,0.025320087,0.2637981,0.0,0.0,0.105353676,0.0,0.0,0.09906828,0.06802258,0.20059997,0.076866925,0.0,0.0,0.0,0.0,0.0,0.014625997,0.11405402,0.0,0.0,0.06514716
TCGA-IB-7886-01,0.0,0.17535627,0.0,0.0,0.0,0.08773553,0.0,0.0,0.0,0.1096586,0.0,0.0,0.0,0.0,0.01991769,0.012434474,0.0,0.0,0.0,0.0,0.0,0.0,0.012471548,0.03736867,0.0,0.23504518,0.009660495,0.0070037628,0.08529433,0.07233325,0.0,0.0,0.0,0.20509587,0.0,0.0,0.09551286,0.02328814,0.13988374,0.0,0.0,0.0,0.18888302,0.0,0.0,0.0,0.0,0.0,0.0019347464,0.08779028,0.08319413,0.042851992,0.0044409297,0.0,0.06484659,0.00186823,0.07637965,0.119578406,0.017204726,0.11415934,0.2649118,0.0,0.01593221,0.0,0.18691374,0.0,0.03824572,0.0,0.0,0.020084636,0.12641625,0.0,0.0,0.12496675,0.0,0.05258017,0.0019037517,0.0,0.0,0.0,0.0,0.028166307,0.09676074,0.09236962,0.10033539,0.030218935,0.04974374,0.10553029,0.12470565,0.07813145,0.0,0.0,0.0,0.2044634,0.0,0.017344333,0.0,0.0,0.027234081,0.0,0.0,0.0,0.0,0.0,0.0,0.07979357,0.11905781,0.0,0.2792033,0.0,0.0,0.06944915,0.0,0.0,0.0,0.0,0.002937443,0.0,0.12819234,0.03356092,0.0,0.0,0.0,0.09116901,0.0,0.0,0.0,0.0,0.0,0.0,0.0,0.0,0.0,0.009026672,0.0,0.0,0.0,0.0,0.0,0.0,0.0,0.08163625,0.056398198,0.0,0.0,0.0299192,0.0,0.0,0.09671091,0.058853265,0.0,0.072664075,0.0,0.13395727,0.0,0.0,0.0,0.050965704,0.0034680034,0.22404824,0.0,0.0,0.0,0.16910294,0.0,0.06680798,0.0,0.0,0.0,0.03175723,0.0,0.0,0.07634907,0.027878866,0.11087556,0.0,0.0,0.0,0.04132472,0.0,0.14846618,0.0,0.0014756087,0.055519223,0.0,0.0,0.26184368,0.15981193,0.0,0.0,0.0,0.0,0.04228805,0.0,0.0,0.008459497,0.0,0.03299575,0.03443701,0.24920765
TCGA-IB-7887-01,0.0,0.091141924,0.0,0.0,0.04366842,0.015634125,0.0,0.0,0.0,0.06525668,0.0,0.05418576,0.0,0.0,0.0,0.15292142,0.0,0.05360812,0.0,0.13604422,0.03221147,0.0,0.09852298,0.0,0.00686104,0.10757182,0.21039253,0.0,0.0,0.075259425,0.025957752,0.04584528,0.0,0.01567012,0.0,0.11947835,0.2187113,0.057534143,0.046787083,0.0,0.1192555,0.0,0.17759027,0.109235376,0.0,0.0564095,0.0,0.0,0.0,0.02453901,0.2034198,0.0,0.0899992,0.0,0.0,0.0,0.2230297,0.10379957,0.0017897992,0.0,0.0,0.0,0.027739754,0.0,0.20954137,0.0,0.06155652,0.023303758,0.0,0.0,0.0,0.0,0.0,0.0,0.0,0.0,0.0,0.0,0.04015525,0.0,0.0,0.09780186,0.124405265,0.0,0.02963384,0.0,0.0,0.0,0.06419879,0.0,0.104722306,0.0,0.027066274,0.18092051,0.12399207,0.06877254,0.0,0.095428236,0.18657815,0.0,0.030223548,0.0,0.046711955,0.0,0.033840857,0.09471232,0.0,0.0,0.007798659,0.0,0.0,0.0,0.0,0.0114226965,0.0,0.052039616,0.01599907,0.0,0.0,0.01663766,0.035144467,0.011684684,0.0,0.03210956,0.0,0.0,0.065963,0.0,0.10962244,0.08693877,0.070905074,0.0,0.0,0.0,0.0,0.0,0.19225037,0.0,0.0,0.0,0.019013323,0.04465521,0.04788918,0.0,0.0,0.15425281,0.10411008,0.0,0.07306584,0.0,0.0,0.034781788,0.0028609755,0.0,0.13468271,0.07321463,0.0021110154,0.0,0.0,0.122910246,0.0,0.0,0.01067699,0.17475247,0.014899768,0.02127377,0.066956095,0.0,0.0,0.0,0.0,0.029608358,0.084094085,0.0,0.101821184,0.0,0.0,0.004886241,0.2725728,0.087980896,0.24195455,0.0,0.0,0.0,0.0,0.0,0.102359995,0.0030588994,0.008133932,0.015477872,0.025720447,0.0,0.0,0.0,0.0,0.06386332,0.018926525,0.23245703,0.0,0.0
TCGA-IB-7888-01,0.15767847,0.14580794,0.0,0.0,0.027820423,0.03563116,0.035772085,0.0,0.06214204,0.09756323,0.023136538,0.0053740893,0.0,0.0,0.0,0.09388648,0.0,0.035737906,0.0076021627,0.0,0.011912214,0.054383855,0.0,0.10915167,0.1700058,0.25272456,0.0661457,0.0,0.016550943,0.03439895,0.11932328,0.0,0.0,0.010978982,0.0,0.07574985,0.15118404,0.12409302,0.24355781,0.0,0.0,0.0,0.25990507,0.0,0.0,0.110395685,0.0,0.07160494,0.102988705,0.0020255896,0.061102614,0.0,0.1906648,0.0,0.027955571,0.0,0.0,0.14386655,0.01820104,0.0,0.11960315,0.0,0.033881117,0.14258032,0.15583295,0.0,0.009468854,0.0,0.0,0.09785713,0.0,0.0,0.0,0.030470056,0.0,0.123663075,0.0,0.0039784885,0.0,0.0,0.0,0.086244814,0.07219673,0.026184222,0.06714317,0.0,0.0,0.0,0.076512285,0.019294852,0.0071671894,0.0,0.0651686,0.072130695,0.05479081,0.04387995,0.0024419832,0.0,0.06393916,0.0,0.089987904,0.0,0.008811968,0.0,0.0,0.12413519,0.04209612,0.0,0.06056293,0.0,0.0,0.0,0.0,0.044584066,0.0036450005,0.014547909,0.0,0.0,0.037992198,0.065900974,0.05704615,0.0,0.0,0.0,0.070939384,0.0,0.12518291,0.0,0.0668295,0.028449764,0.04578125,0.0,0.0,0.018172055,0.0,0.0,0.0,0.0,0.0,0.0,0.0,0.048381794,0.16812979,0.0,0.0,0.20188707,0.10016817,0.0,0.0,0.0,0.0,0.06584602,0.0,0.21534337,0.112021394,0.07753574,0.032565005,0.018184572,0.012261783,0.0011503319,0.0,0.0,0.0,0.0,0.0,0.0,0.13516535,0.0,0.030269707,0.023098342,0.0,0.0,0.027698906,0.0064125094,0.0,0.0,0.0,0.058474787,0.0,0.0,0.27398902,0.0,0.14753923,0.0,0.019663952,0.0,0.19072439,0.0,0.0,0.0,0.007611832,0.0,0.0,0.0321968,0.0,0.15485609,0.07438811,0.013545012,0.0,0.0
TCGA-IB-7889-01,0.0,0.034976073,0.0,0.0,0.052291933,0.0,0.0023696935,0.014009144,0.13521327,0.19790918,0.0,0.0,0.0,0.0,0.0022646224,0.012999704,0.034717802,0.0,0.0,0.019029902,0.045879815,0.066392966,0.0,0.009883252,0.0,0.17107926,0.14945626,0.013187161,0.06169243,0.0,0.19242775,0.0,0.0,0.01353639,0.0070384247,0.061458383,0.014531376,0.0,0.22373196,0.0,0.0,0.0,0.13261008,0.0,0.16192922,0.05450421,0.0,0.033477187,0.18286592,0.012044829,0.18276386,0.0,0.10690778,0.12883139,0.020968355,0.0,0.0,0.07014696,0.0,0.0,0.1345742,0.0,0.12358451,0.0,0.14469808,0.040599078,0.0,0.023356078,0.0,0.0,0.0,0.0,0.0,0.0,0.0,0.0,0.03298299,0.0,0.0031960886,0.0,0.0,0.13847657,0.06040212,0.07779507,0.0,0.0,0.0,0.0973981,0.0,0.050832674,0.025210302,0.0,0.09395795,0.1106102,0.13080351,0.022595976,0.0,0.0,0.053472992,0.0,0.0,0.0,0.008385931,0.0,0.074434415,0.17161308,0.02028073,0.0,0.0,0.0,0.0,0.0,0.0,0.11652292,0.0,0.05246394,0.03063967,0.0,0.025134297,0.117468,0.0,0.1577029,0.0,0.0,0.010196099,0.0,0.059603773,0.0,0.09130548,0.0023696579,0.0,0.0,0.030191181,0.06368175,0.024995387,0.0,0.014017472,0.0,0.03640255,0.0,0.0,0.0,0.16458134,0.0,0.0,0.24731989,0.020018235,0.0,0.11628016,0.043177936,0.0,0.00017898325,0.07578676,0.0,0.0,0.14040002,0.014608603,0.0,0.0,0.0,0.03959496,0.0,0.0,0.039526947,0.0,0.017260268,0.035273127,0.0,0.0,0.12685661,0.0,0.0,0.013691669,0.054230787,0.024496935,0.0,0.0,0.026328895,0.107815,0.0,0.32130092,0.0,0.0,0.0,0.05550657,0.032509286,0.15866716,0.056889918,0.16759318,0.07910995,0.016326016,0.0,0.0,0.0,0.0,0.0,0.10288019,0.066187024,0.0,0.17635344
TCGA-IB-7890-01,0.0,0.081782244,0.0,0.0,0.0,0.02679635,0.0,0.0043878807,0.010845408,0.09832091,0.0,0.0,0.019917447,0.0,0.0,0.014448753,0.0,0.0,0.072416306,0.13873512,0.10845113,0.0,0.024176313,0.0,0.075367324,0.14448951,0.1396284,0.095611215,0.040640894,0.052464392,0.13939184,0.15061012,0.0,0.14826903,0.04509159,0.044750173,0.28206527,0.0,0.13701284,0.0,0.0,0.0,0.060452383,0.008672545,0.0,0.0,0.0,0.015881052,0.05934931,0.076031424,0.02338885,0.13827804,0.07125241,0.113840826,0.104565956,0.0,0.0,0.081348814,0.0705997,0.045430724,0.032047886,0.0,0.0,0.044792622,0.06357964,0.0,0.19326998,0.043513,0.0,0.03911122,0.02241104,0.0,0.10118549,0.0,0.0,0.0,0.0,0.011053368,0.013332521,0.0,0.0,0.058699325,0.0,0.0,0.07507136,0.0,0.030039733,0.0,0.08496692,0.08933524,0.06461964,0.0,0.0,0.13877806,0.09566277,0.0,0.0,0.0,0.101686396,0.0,0.0,0.0,0.0,0.0,0.004083827,0.0,0.03916542,0.0,0.12184438,0.0,0.0,0.0,0.07112623,0.010065306,0.0,0.0,0.0,0.0,0.0,0.12198372,0.01630154,0.0,0.11332109,0.0076418407,0.0,0.0,0.08430868,0.0,0.0,0.16637503,0.0,0.0,0.011232371,0.0,0.0,0.0,0.0059269466,0.018052261,0.0,0.0,0.0,0.044336792,0.05044312,0.04436429,0.0,0.34593734,0.0,0.0,0.16794577,0.0,0.0137219755,0.0,0.17655332,0.0,0.004769072,0.05694781,0.03434042,0.0224346,0.045382522,0.06923264,0.05061371,0.0,0.0,0.087023325,0.0,0.022178536,0.018449875,0.010619542,0.0,0.07109148,0.0,0.0,0.15218735,0.0,0.0,0.0,0.0,0.012539889,0.0,0.0,0.20087972,0.0,0.12620398,0.20439468,0.0,0.0,0.1967345,0.07398307,0.0,0.0064348266,0.013081299,0.0,0.0,0.0,0.0,0.2067194,0.04586304,0.014907828,0.0,0.08563857
TCGA-IB-7891-01,0.15225047,0.015410503,0.0,0.0,0.0,0.14413819,0.0,0.0,0.0032388673,0.0067743077,0.0,0.0,0.0,0.0,0.0,0.0,0.0,0.0,0.06740633,0.0,0.11234142,0.16541892,0.0,0.0454389,0.101123534,0.2724579,0.07714548,0.0,0.10817948,0.10295321,0.0,0.030019434,0.0,0.14886034,0.0,0.07409924,0.1071756,0.08731279,0.18073128,0.0,0.0043680524,0.0,0.19998033,0.14885017,0.10060055,0.023951316,0.0,0.0,4.5738772e-05,0.0,0.04010306,0.0,0.10735835,0.030942816,0.1360434,0.0,0.0,0.034165237,0.010420867,0.03595499,0.00982151,0.0,0.06975716,0.028606297,0.094932534,0.0,0.079133034,0.0,0.0,0.0,0.0,0.0,0.035271805,0.0728237,0.0,0.15562339,0.07078666,0.0,0.008657905,0.13406225,0.0036841596,0.010151942,0.009780811,0.0,0.0,0.0,0.0,0.0,0.110072896,0.011635738,0.0,0.0,0.061325707,0.031391826,0.036935367,0.042242162,0.038891375,0.0,0.14381677,0.0,0.0,0.0,0.0,0.0,0.0,0.0,0.01703644,0.0,0.10323482,0.0,0.0,0.0,0.0,0.04997878,0.0,0.0010136983,0.0,0.0,0.064900324,0.0,0.0,0.0,0.0,0.0,0.117420755,0.0,0.015507496,0.0,0.06703404,0.054459266,0.0,0.0,0.026023543,0.03294857,0.0,0.0,0.0,0.1235712,0.0,0.0,0.0,0.0926794,0.0706823,0.0,0.0,0.17974481,0.0,0.0,0.040575664,0.0,0.0,0.088519506,0.047356818,0.068370484,0.0178312,0.16105396,0.0993061,0.10204952,0.0,0.0,0.12879948,0.0,0.0,0.0,0.0,0.004962737,0.0,0.0,0.0,0.15667303,0.0,0.0,0.0,0.016189665,0.048282895,0.0,0.0,0.0,0.0,0.0,0.36422458,0.08125949,0.12330707,0.0,0.0,0.0,0.31334707,0.110954896,0.04465877,0.0,0.037594058,0.0,0.0,0.0,0.0,0.0,0.11282501,0.0,0.0,0.028223865
TCGA-IB-7893-01,0.0,0.0,0.0,0.0,0.16815884,0.0139524955,0.0,0.0,0.033973888,0.0804944,0.0016229667,0.0,0.0,0.0,0.02770209,0.047890652,0.040356975,0.014181139,0.0,0.08718918,0.042542856,0.013349178,0.008247707,0.0,0.03885761,0.21935347,0.02813579,0.019862745,0.040952694,0.2802706,0.0,0.17299296,0.0,0.08357281,0.0,0.023255153,0.13788584,0.053711697,0.04799573,0.010304012,0.0,0.0,0.06884938,0.18790027,0.037566658,0.07475265,0.0,0.09160595,0.09050829,0.08167432,0.09149985,0.0,0.125232,0.02381344,0.029610496,0.0,0.02295208,0.06016055,0.024936557,0.027739862,0.0,0.0,0.17972569,0.015538844,0.11896352,0.043081105,0.13792895,0.10151455,0.0,0.0,0.16053836,0.0,0.14606468,0.0,0.0,0.0,0.0,0.0,0.0,0.004395647,0.0,0.0,0.13774467,0.0,0.19987018,0.059038483,0.11811621,0.0,0.07469415,0.03649352,0.0,0.0,0.0,0.075868756,0.0,0.12979749,0.0,0.0,0.3066373,0.0,0.0,0.0,0.0054305815,0.0,0.0,0.0,0.0,0.0,0.061490193,0.0,0.01072434,0.035391256,0.002366814,0.011522005,0.0,0.016173277,0.0,0.0,0.0,0.0,0.0141610475,0.0,0.07035159,0.017281106,0.0,0.0,0.0,0.0,0.06183312,0.06710347,0.0,0.023331229,0.00627144,0.042254236,0.0,0.0,0.0,0.0,0.0,0.0,0.0,0.11766074,0.18061894,0.0,0.069740035,0.09799693,0.0,0.0,0.011487745,0.04664116,0.104511514,0.12362575,0.03751502,0.15705636,0.07262879,0.11378411,0.031357907,0.019443693,0.026601696,0.0,0.04314424,0.039967235,0.0,0.021319581,0.02946548,0.0,0.013932623,0.0,0.0,0.093044825,0.0,0.0,0.047928393,0.0,0.0,0.0,0.0,0.046039145,0.10527619,0.0,0.13174994,0.04554824,0.023024408,0.0,0.0,0.0,0.10183751,0.18982701,0.080569714,0.0,0.09267408,0.0,0.0,0.0065134806,0.0,0.090077326,0.17671993,0.030098578,0.0,0.14796013
TCGA-IB-7897-01,0.10199345,0.0,0.0,0.0,0.052402243,0.0,0.15908322,0.027999574,0.00405527,0.0,0.0,0.045067113,0.09290138,0.0,0.0074123763,0.055193402,0.022207165,0.0,0.0,0.0,0.050309185,0.13349077,0.16437787,0.03625736,0.07411314,0.18947732,0.17696665,0.0,0.0027979002,0.04812219,0.0,0.0,0.0,0.032640018,0.0,0.018803233,0.18654437,0.1157157,0.19198394,0.0,0.0,0.0,0.17778586,0.0,0.010365149,0.13898551,0.0,0.123673245,0.14324217,0.048524063,0.08120318,0.013940102,0.19192892,0.0,0.10871046,0.0,0.0,0.081885256,0.03292379,0.0,0.10477619,0.0,0.12806956,0.22799508,0.068583556,0.0,0.0,0.048143532,0.0,0.039532445,0.030763557,0.0,0.0,0.0,0.0,0.09973361,0.01487889,0.0002711898,0.0,0.0,0.0,0.0,0.120880194,0.0,0.10744304,0.0,0.09374701,0.0,0.120313,0.0,0.0071259434,0.0,0.11579955,0.11412723,0.090968184,0.22050586,0.0,0.0,0.075995594,0.0,0.08353698,0.0,0.0,0.0,0.0,0.016459411,0.11321806,0.0,0.029602103,0.0,0.0,0.057631403,0.0,0.02054964,0.03193916,0.04537812,0.0,0.0,0.0,0.0,0.123819254,0.0,0.0,0.0,0.025822606,0.0,0.023273524,0.0,0.098216094,0.04952858,0.0022318575,0.0,0.0,0.032182515,0.0,0.012026646,0.0038328269,0.0,0.0,0.033289354,0.0,0.014677181,0.08363064,0.0,0.0,0.13973105,0.039031204,0.0,0.042359494,0.0,0.0,0.07100417,0.0,0.07325944,0.12534632,0.06182226,0.007779633,0.02014327,0.17411295,0.0,0.023108575,0.028520213,0.07293501,0.0,0.013563313,0.0,0.09963213,0.02745232,0.07734743,0.06509961,0.0,0.0,0.036517315,0.0,0.029197719,0.0,0.0,0.0,0.0,0.04370819,0.34830168,0.0,0.034855347,0.05869834,0.0,0.0,0.09361817,0.062265266,0.11892395,0.0,0.08042983,0.0,0.0,0.0,0.0,0.07357377,0.0,0.015828079,0.0,0.0
TCGA-IB-8126-01,0.21275489,0.0,0.0,0.0,0.087762415,0.0,0.018838806,0.0,0.017150583,0.06284675,0.0,0.0,0.0,0.0,0.02479654,0.0,0.0,0.0,0.015869172,0.0,0.1069943,0.11594695,0.20391855,0.071764626,0.00562064,0.2485745,0.19653858,0.026218517,0.0,0.05453831,0.03461752,0.09684234,0.0,0.013443187,0.0,0.051933985,0.026651049,0.12598503,0.17092212,0.0,0.0,0.0,0.07299344,0.0,0.029472943,0.15723167,0.0,0.0,0.10571088,0.10427541,0.10515994,0.012789194,0.17797725,0.0,0.023446364,0.0,0.093161136,0.13076267,0.052888617,0.0,0.019945877,0.0,0.17060828,0.15378311,0.16881078,0.0,0.0,0.06431929,0.0,0.0,0.0,0.0,0.0,0.0,0.018329358,0.015540151,0.00522943,0.0,0.0,0.0,0.0,0.0,0.091682486,0.0,0.0,0.0,0.0,0.0,0.16208473,0.0,0.0,0.0,0.06322596,0.1654859,0.0,0.059525926,0.0,0.0,0.12142584,0.0,0.022190116,0.0,0.0,0.0,0.0,0.0317421,0.02037883,0.0,0.012815247,0.0,0.011479209,0.14492318,0.0,0.031303305,0.0,0.0,0.0,0.0,0.0,0.016484777,0.0,0.0,0.0,0.0,0.08727861,0.0,0.021221751,0.0,0.07403788,0.105392955,0.0,0.0,0.0,0.004976502,0.0,0.0,0.16242616,0.008596354,0.0,0.054667223,0.0,0.14719215,0.057814837,0.0,0.0,0.19336611,0.038528506,0.0,0.13122572,0.0,0.0,0.087672375,0.055215072,0.12732619,0.0,0.10147184,0.1409473,0.0054337652,0.06746821,0.09510499,0.042928524,0.0,0.0,0.0056773312,0.0,0.0,0.0,0.0,0.08511976,0.0,0.0,0.0,0.0,0.0,0.14498675,0.0,0.0,0.030374065,0.03136275,0.10791045,0.27825612,0.0,0.13611071,0.034792434,0.0,0.0,0.18643746,0.025206786,0.011925834,0.0,0.054867897,0.0,0.019810677,0.0,0.0,0.0,0.024985313,0.0,0.0,0.0
TCGA-IB-8127-01,0.0,0.006555159,0.0,0.0,0.0,0.0,0.025188234,0.0,0.057764724,0.0,0.0,0.082537025,0.0,0.04832486,0.0,0.0,0.0,0.08219597,0.0,0.03258252,0.0322524,0.045369297,0.051653452,0.0,0.0,0.21777843,0.017827045,0.21141584,0.083592534,0.123156525,0.0,0.13751958,0.0,0.120079145,0.0,0.0,0.119453475,0.0045165387,0.013039996,0.0035685564,0.0,0.0,0.043453474,0.0,0.0,0.0,0.0,0.0007866834,0.008376424,0.064293124,0.0,0.08572286,0.11343245,0.12325476,0.0,0.010101584,0.17458223,0.17810631,0.09475135,0.0,0.08363508,0.0,0.0024051555,0.0,0.12713513,0.0,0.0043188753,0.06575049,0.0,0.0,0.0,0.0,0.0,0.016361732,0.0,0.030773625,0.0,0.0,0.0,0.08842583,0.0,0.16985904,0.009890046,0.0,0.062430184,0.0,0.0,0.0,0.016054725,0.05792147,0.047329366,0.0,0.032804564,0.2894517,0.15098548,0.05294083,0.0,0.0,0.13046655,0.039523803,0.069135614,0.0,0.0,0.0,0.0,0.030478831,0.036417212,0.0,0.14607063,0.0,0.0,0.0,0.043091953,0.13880044,0.1062259,0.0,0.0,0.0,0.09945943,0.0,0.018610157,0.0,0.018088248,0.0,0.0,0.0,0.0,0.0,0.0,0.062626116,0.0,0.0,0.062067986,0.0,0.0,0.0,0.0,0.06489467,0.0,0.0,0.0,0.009060272,0.011421052,0.055738922,0.0,0.21724117,0.03212152,0.0,0.0908286,0.18287358,0.0,0.011346454,0.043081433,0.0,0.043417625,0.019393401,0.0,0.05937156,0.08632561,0.062463906,0.03578553,0.060575675,0.0,0.0,0.0,0.074709766,0.0,0.0,0.0,0.08720454,0.0,0.0,0.09422954,0.011589905,0.1092714,0.0,0.015711494,0.15622546,0.06299506,0.0,0.22364664,0.0,0.0,0.0,0.0,0.0,0.21030265,0.28532687,0.0,0.024056971,0.0,0.0,0.025881115,0.0,0.0,0.048850786,0.1629976,0.13996455,0.0,0.07027944
TCGA-IB-A5SO-01,0.06896895,0.0,0.0,0.0,0.0,0.06596499,0.0,0.20522304,0.19096053,0.0,0.0,0.0,0.0,0.0,0.0039222413,0.0661856,0.029216679,0.093536995,0.0,0.0,0.06924845,0.0,0.059657764,0.0,0.02261196,0.011173528,0.0,0.08780066,0.12322379,0.11467141,0.07847373,0.0,0.0,0.1288871,0.0,0.07464166,0.09848485,0.0,0.0092094205,0.0,0.0,0.0,0.11715911,0.0,0.14360987,0.12980384,0.0,0.0,0.13496043,0.097473174,0.0,0.0,0.0,0.14592949,0.25371295,0.0,0.0,0.092005774,0.14184521,0.0,0.06883467,0.0,0.085925564,0.13396722,0.0,0.0,0.0021894355,0.21322088,0.0,0.15542248,0.082204975,0.0,0.0,0.090866715,0.0,0.0,0.0,0.0,0.060308527,0.0,0.0,0.01980621,0.11438652,0.0,0.0,0.0,0.10981468,0.049485873,0.0,0.043896943,0.21462424,0.0,0.0,0.14760722,0.010233844,0.0,0.048060883,0.0,0.31135103,0.0,0.0,0.0,0.0,0.0,0.0,0.043620314,0.16317734,0.0,0.0,0.0,0.0,0.0,0.0,0.07494991,0.0,0.006316761,0.0,0.0,0.0,0.05877159,0.0,0.0,0.0,0.0,0.11101865,0.0,0.0,0.0,0.070218824,0.092834346,0.013146223,0.0258528,0.09305443,0.0,0.0,0.08781952,0.054008227,0.0,0.0,0.0,0.0053812913,0.0,0.009842562,0.0,0.0,0.22324152,0.058061447,0.0,0.0,0.0,0.0,0.0,0.1206797,0.040904894,0.0,0.009743605,0.0,0.0,0.0,0.121535495,0.10537616,0.0,0.048813425,0.0,0.0,0.09510723,0.0,0.0,0.0,0.07431343,0.0,0.0,0.0,0.0,0.0,0.0,0.0,0.15653686,0.13389714,0.0,0.08372566,0.0,0.0,0.0,0.0,0.08787217,0.025324244,0.112968646,0.0,0.055305168,0.10984563,0.0075290026,0.0,0.0,0.0,0.09658354,0.123745956,0.0,0.0,0.0
TCGA-IB-A5SP-01,0.0,0.05347941,0.0,0.0,0.119600385,0.0,0.0,0.051633403,0.0,0.0,0.0,0.012603097,0.0,0.0,0.04357983,0.0,0.0,0.13275382,0.0,0.0,0.0,0.0,0.0,0.0,0.0,0.15598017,0.16135566,0.0,0.068686344,0.10270666,0.0,0.0,0.0,0.0,0.0,0.12563016,0.0,0.047761142,0.25759247,0.0,0.0,0.0,0.18120776,0.0,0.0,0.0,0.0,0.0,0.0032933326,0.17399229,0.0,0.02377185,0.0,0.16597377,0.13899538,0.0,0.120559305,0.14245315,0.042593885,0.007876502,0.064336285,0.0,0.0,0.044765227,0.12552154,0.0,0.052082602,0.0,0.038277812,0.12603861,0.19595797,0.0,0.0,0.0,0.0,0.07042925,0.0,0.0007466633,0.20270166,0.12206008,0.0,0.15533808,0.098350056,0.0,0.021650607,0.0,0.0,0.09599322,0.27278423,0.12519184,0.0,0.0,0.12283567,0.042169053,0.08131477,0.13847102,0.02453609,0.0,0.06556052,0.0,0.0,0.0,0.0,0.0,0.0,0.0,0.13164239,0.0,0.0,0.0,0.0,0.0,0.04720782,0.0,0.0,0.0,0.14779364,0.0,0.0,0.051466502,0.015130527,0.012088245,0.0,0.056562275,0.0,0.0,0.08282587,0.0,0.10556925,0.0,0.0,0.0,0.115035586,0.0,0.0,0.0,0.034609903,0.0,0.0,0.0,0.0,0.001176563,0.0,0.0,0.0,0.17853737,0.19169052,0.07218766,0.0,0.0,0.0,0.06800953,0.047066126,0.10054963,0.05784507,0.0,0.0,0.0,0.10137863,0.0,0.0,0.0,0.0,0.031604804,0.04499219,0.015130139,0.0,0.0,0.0,0.13018848,0.0021564465,0.0,0.09914494,0.15321748,0.0,0.0,0.0,0.02882738,0.0,0.1579884,0.058142513,0.0,0.054457072,0.0,0.12017325,0.0,0.12825388,0.0,0.10135748,0.01125681,0.13180603,0.0,0.0,0.024009328,0.0,0.027004723,0.07852137,0.056834206,0.029611794,0.019761732
TCGA-IB-A5SQ-01,0.13393219,0.0,0.0,0.0,0.049082834,0.0,0.0,0.0,0.0,0.0,0.05130938,0.023802526,0.1791067,0.0,0.0,0.0,0.0,0.026204439,0.0,0.0,0.061658956,0.0,0.0,0.05782688,0.123743586,0.28375036,0.0,0.0,0.13842644,0.024454439,0.0,0.0067977346,0.0,0.09556286,0.0,0.044711478,0.16147956,0.0,0.11177987,0.0,0.011798492,0.0,0.11135275,0.0,0.045212723,0.05861089,0.0,0.0,0.036767326,0.0,0.010646068,0.14303176,0.046920072,0.0,0.2554141,0.0,0.0,0.03471802,0.15207452,0.0,0.096839786,0.0,0.090868115,0.17830877,0.06388934,0.0,0.029643416,0.031832285,0.0,0.07125176,0.0,0.0,0.0,0.13255286,0.04176095,0.0,0.0,0.02878634,0.029523427,0.019688573,0.0,0.0,0.13141365,0.0,0.0,0.0,0.06155706,0.0,0.0,0.049052346,0.059729118,0.0,0.0,0.07232377,0.005561086,0.0,0.07275181,0.0,0.122805186,0.0,0.0,0.0066567436,0.0,0.0,0.07315501,0.15264674,0.12622367,0.014931855,0.0,0.0,0.0,0.0,0.0,0.112813435,0.0,0.0,0.0,0.0,0.0,0.07775051,0.0,0.0,0.0,0.0,0.042967726,0.0,0.0,0.0,0.1555166,0.09466711,0.0,0.0,0.14767961,0.0,0.0,0.032248653,0.0030317237,0.0,0.0,0.0,0.0,0.0,0.016993156,0.09097847,0.0,0.13922217,0.1289134,0.0,0.27021772,0.0,0.0,0.0,0.020265102,0.0,0.14055696,0.027114652,0.0,0.0,0.0,0.0,0.008575368,0.0,0.0,0.0,0.052197333,0.11043942,0.0061093867,0.0,0.0,0.06785739,0.1389622,0.0,0.14422789,0.0,0.0,0.0,0.0,0.18589728,0.25102168,0.053974308,0.1436441,0.0,0.023109855,0.0,0.0,0.0,0.1057448,0.0,0.0,0.0,0.0,0.0,0.0,0.0,0.0,0.21096234,0.0,0.088860825,0.0,0.0
TCGA-IB-A5SS-01,0.0,0.014926711,0.0,0.0,0.0,0.02383866,0.0,0.06859971,0.0,0.082821175,0.0,0.0,0.0,0.0,0.0,0.0,0.0,0.05377807,0.0,0.0023046618,0.09007996,0.0047538746,0.0,0.07377435,0.013499451,0.09595462,0.0,0.0,0.022550773,0.05514151,0.0,0.018115357,0.0,0.070570014,0.0,0.001961068,0.15383898,0.0929033,0.0,0.0,0.01294283,0.0,0.067720346,0.0,0.049327828,0.09846553,0.0,0.086640365,0.057463713,0.022933092,0.008245823,0.09139719,0.0,0.0,0.19180867,0.023445833,0.0,0.0,0.100665376,0.0,0.14046825,0.0,0.0,0.00014798799,0.1637837,0.024865706,0.0747989,0.024157818,0.02062266,0.0,0.13939431,0.0,0.0,0.18227361,0.0,0.047484167,0.0,0.0,0.046475098,0.0,0.0,0.0,0.046638846,0.0,0.0,0.0,0.0067025395,0.030663263,0.05637773,0.0,0.09236273,0.057560317,0.13854606,0.09210442,0.076248534,0.0,0.0,0.013307711,0.258904,0.0,0.0,0.0,0.0,0.0,0.0,0.13670208,0.016387464,0.0,0.15305966,0.0,0.07141732,0.0,0.11027307,0.044888247,0.041718338,0.0,0.05427866,0.0,0.0,0.0,0.0,0.0,0.01372612,0.0,0.0,0.0,0.034242682,0.0,0.06957801,0.03553126,0.0,0.0,0.0,0.0,0.0,0.1959593,0.19720887,0.0,0.0,0.0,0.0,0.0884744,0.0,0.0,0.0,0.057974398,0.11663256,0.0,0.022581093,0.0,0.09319071,0.0,0.0,0.032491148,0.15589352,0.0,0.16441792,0.0,0.011306641,0.06379942,0.113128446,0.01974408,0.0,0.19353434,0.0,0.26063943,0.0023033966,0.0,0.0,0.2084959,0.10934624,0.0,0.23649257,0.0,0.16177364,0.0,0.07098637,0.045662425,0.008971133,0.08298715,0.046685994,0.014915159,0.07507011,0.0,0.0,0.0169772,0.048213266,0.0,0.0,0.064903885,0.0,0.0,0.0,0.0,0.13628557,0.20374787,0.090505734,0.0,0.0,0.10842983
TCGA-IB-A5ST-01,0.035045847,0.05213949,0.0,0.0,0.0,0.0,0.050744757,0.04157048,0.0,0.0,0.029882882,0.0,0.0,0.018591825,0.0,0.1035584,0.071686156,0.048295096,0.021331646,0.0,0.10197925,0.0,0.0,0.0,0.20662841,0.05531925,0.07401785,0.0,0.0,0.023472907,0.0,0.0,0.0,0.0,0.0,0.10683186,0.18704158,0.106742755,0.10745433,0.0,0.02962284,0.0,0.08999966,0.0,0.05943686,0.02002,0.0,0.0,0.122095324,0.07500272,0.17795487,0.0,0.0855006,0.017022146,0.08905085,0.0,0.0,0.027116941,0.05991793,0.0,0.026550783,0.0,0.01018368,0.080571614,0.0,0.0,0.026674546,0.0,0.0,0.0,0.038511164,0.0,0.0,0.0,0.0,0.0,0.0,0.0,0.034621187,0.0,0.0,0.0,0.12082104,0.018921368,0.0,0.0,0.0,0.0,0.0,0.0,0.0,0.0,0.22790495,0.013919865,0.013917106,0.026919778,0.01110547,0.0,0.14912577,0.0,0.02278353,0.0,0.0,0.0,0.060146,0.14853127,0.16892824,0.01922372,0.09561063,0.0,0.022988519,0.017661305,0.0,0.060035415,0.0,0.0074578593,0.0,0.0,0.0,0.0006208651,0.24286632,0.021754276,0.0,0.0,0.0,0.0,0.0,0.0,0.09071853,0.0,0.0,0.0,0.027970592,0.0,0.0,0.0,0.0,0.0,0.0,0.0,0.22981237,0.0145213995,0.0,0.0,0.0,0.11849453,0.009740927,0.0,0.13520618,0.0,0.0,0.012093368,0.035379644,0.121585935,0.0,0.17138943,0.016595265,0.0,0.0,0.1404429,0.08874063,0.0,0.0,0.0043790657,0.00024556788,0.09276731,0.1383989,0.0,0.0,0.0,0.0,0.0,0.22979932,0.0,0.030833794,0.0,0.0,0.0,0.0988985,0.0039832345,0.34242198,0.0,0.0,0.0,0.05089977,0.0,0.19972761,0.18356723,0.16107099,0.0,0.0,0.0,0.0,0.0,0.012454121,0.14022,0.15366153,0.06388111,0.0,0.0
TCGA-IB-A6UF-01,0.0,0.13219333,0.0,0.0,0.04338349,0.0,0.049199183,0.0,0.17030568,0.0,0.0,0.10834989,0.0,0.019411927,0.0,0.0,0.0,0.18576655,0.08662144,0.0,0.038300905,0.09632965,0.0,0.017469509,0.02700705,0.15547973,0.15404439,0.061350662,0.16354856,0.004084508,0.07711233,0.0,0.0,0.11841959,0.0,0.0,0.022052601,0.0,0.0,0.0,0.0,0.0,0.0,0.0,0.08586647,0.040338557,0.0,0.0,0.14190717,0.0,0.0,0.0,0.03307228,0.14118162,0.16078985,0.0,0.0023115536,0.0,0.054415412,0.0,0.05546648,0.0,0.025283104,0.0,0.010337111,0.0,0.0,0.070483506,0.0,0.08672766,0.0,0.0,0.0,0.0,0.0,0.0,0.0,0.0,0.0,0.0,0.0,0.28077295,0.0069623026,0.17714,0.086642094,0.0,0.00022303166,0.0,0.0765605,0.0,0.06447274,0.0,0.0,0.12470887,0.019517694,0.0,0.0,0.0,0.07585926,0.08863739,0.0,0.0,0.0,0.0,0.04183152,0.0,0.0,0.0,0.24239436,0.0,0.0,0.0290126,0.0,0.10570599,0.0,0.08216235,0.08549404,0.0,0.0,0.14914484,0.0,0.0,0.0,0.0,0.0,0.0,0.16861129,0.0,0.030905899,0.0,0.0,0.1709768,0.0,0.009725992,0.0,0.0,0.0,0.12633769,0.0,0.0,0.0,0.110883385,0.0,0.0,0.0,0.23919533,0.09093449,0.0,0.016049637,0.0,0.0,0.14677502,0.013573,0.0,0.0,0.0,0.0037911562,0.03786213,0.15574846,0.0028282776,0.0,0.0,0.0,0.0,0.0,0.017910281,0.0,0.0,0.0,0.14977829,0.0,0.0,0.2601195,0.0,0.005570702,0.0,0.0,0.0,0.0,0.0,0.14607257,0.0,0.022499828,0.0,0.0,0.15864187,0.0027845472,0.115290925,0.0,0.028312523,0.0035687617,0.0,0.11455377,0.0,0.1396316,0.009574512,0.07616432,0.036219127,0.0,0.17726414
TCGA-IB-A6UG-01,0.0,0.06484946,0.0,0.0,0.076007806,0.0,0.0,0.038267985,0.17638241,0.10286991,0.0,0.0,0.0,0.0,0.0,0.0,0.0021248318,0.065221824,0.096343435,0.0,0.12256105,0.016552024,0.0,0.0,0.01242585,0.16577648,0.087787576,0.05806032,0.15620644,0.10976499,0.06221836,0.0,0.0,0.07959327,0.096849516,0.07607747,0.08896091,0.06042206,0.13195369,0.0,0.0,0.0,0.18336216,0.0,0.0,0.03588861,0.0,0.07437168,0.0,0.11827609,0.012080354,0.0,0.0,0.10741365,0.12591033,0.0,0.0,0.05537883,0.13788266,0.0,0.0,0.0,0.0,0.0,0.012028638,0.018076953,0.0,0.0,0.0,0.0,0.0009098545,0.0,0.0,0.039977767,0.0,0.0,0.0,0.0,0.0,0.0,0.0,0.24078979,0.017950382,0.15902603,0.14148253,0.0,0.006983462,0.056832954,0.10829349,0.03252296,0.047521345,0.0,0.082493864,0.112617396,0.033616483,0.0,0.0,0.0,0.023076858,0.0,0.0,0.0,0.0,0.0,0.0,0.036259435,0.09160505,0.0,0.031094518,0.018830305,0.0,0.0,0.0,0.12284348,0.0,0.0375042,0.0,0.0,0.036862765,0.15514976,0.0,0.0,0.0,0.0,0.012703013,0.016193524,0.0,0.0,0.19951351,0.0018218616,0.0,0.0074937944,0.007631698,0.0964944,0.0,0.0,0.0,0.0,0.0,0.0,0.0,0.15637144,0.00639059,0.0,0.0,0.11813143,0.007599114,0.0,0.117441624,0.0,0.13085288,0.19012848,0.03618071,0.0,0.07242035,0.0,0.092279255,0.0,0.047005005,0.0,0.0,0.0,0.0,0.0,0.030843552,0.11921282,0.0,0.0,0.0,0.2290514,0.0,0.0,0.15723796,0.0,0.059384745,0.0,0.0,0.023715114,0.0,0.0,0.25504723,0.0,0.058401942,0.0,0.0,0.0,0.14598693,0.15545413,0.0,0.09352804,0.0,0.0,0.028740937,0.060664505,0.0,0.075649396,0.094042905,0.12076909,0.0,0.24711977
TCGA-IB-A7LX-01,0.0,0.0,0.0,0.0,0.20339373,0.05134967,0.0,0.0,0.0,0.03339153,0.0,0.0,0.0,0.0,0.0,0.0,0.0,0.018808518,0.0,0.0,0.0,0.18672863,0.004641628,0.000681227,0.0,0.20723438,0.045863766,0.003832898,0.07899451,0.120248824,0.043976482,0.035193115,0.0,0.08308218,0.0,0.019191874,0.10719347,0.0,0.087343425,0.0,0.0,0.0,0.055879053,0.0,0.0,0.05860258,0.0,0.14351176,0.05682559,0.0,0.10512127,0.12511942,0.04782339,0.18687932,0.15149166,0.10359351,0.15520613,0.029035337,0.0,0.03185105,0.016974501,0.0,0.09393296,0.16190478,0.02919924,0.0,0.18370196,0.10717572,0.0,0.08801274,0.0,0.0,0.007375788,0.14990143,0.0,0.0,0.04795938,0.0,0.019120865,0.0,0.0,0.17270842,0.12117429,0.0,0.14096849,0.0,0.0,0.0,0.055028103,0.0,0.0,0.0,0.0,0.20968033,0.03403444,0.0,0.0,0.0,0.143006,0.0,0.0,0.0,0.0,0.0,0.022901021,0.0,0.072280444,0.010190285,0.10443122,0.0,0.0,0.0,0.0,0.14549215,0.0,0.0,0.0,0.0,0.0,0.09224714,0.0,0.0,0.0,0.028180232,0.0,0.0,0.022405863,0.0,0.037856307,0.030196445,0.0542126,0.030793024,0.02391166,0.16364408,0.0,0.017570896,0.0,0.11912819,0.0,0.0,0.0,0.0064770267,0.06431624,0.0,0.0024770338,0.15620363,0.033096224,0.0,0.10643432,0.0,0.0037881087,0.18715706,0.088558845,0.008830531,0.0072440444,0.0,0.15152153,0.0,0.0,0.048991937,0.0,0.0,0.0048546125,0.0,0.0,0.12955573,0.0,0.0,0.0,0.08196735,0.0,0.0,0.08869095,0.0,0.05825584,0.01878323,0.0,0.026919562,0.009222668,0.0,0.33483994,0.0,0.028546888,0.0,0.065492444,0.09917684,0.044098344,0.0687383,0.0028887328,0.06035763,0.0,0.0,0.080015115,0.04043925,0.0,0.0,0.113009036,0.0,0.0,0.1539961
TCGA-IB-A7M4-01,0.0,0.0,0.0,0.0,0.024365872,0.019087251,0.0,0.09193984,0.00929503,0.0,0.039617818,0.051731322,0.0,0.0,0.0,0.0,0.0,0.0029726445,0.0,0.0,0.0,0.077787906,0.0,0.0,0.017884856,0.26160395,0.122283846,0.0,0.0,0.042962607,0.0,0.0,0.0,0.010251802,0.0,0.17108557,0.062228203,0.0,0.1752811,0.0,0.0,0.0,0.0026770062,0.0,0.0,0.1798271,0.0,0.0,0.0,0.09050557,0.0,0.0,0.0,0.0,0.11100341,0.0,0.12152411,0.13769636,0.099623814,0.0,0.20039336,0.0,0.07676224,0.013539492,0.0,0.0,0.017393388,0.09098544,0.09070794,0.07852843,0.0,0.0,0.0,0.12635702,0.0,0.0,0.0,0.0,0.16850981,0.0,0.0,0.10955884,0.015971798,0.0,0.12100544,0.0,0.0,0.049803685,0.11729041,0.15599847,0.15127087,0.0,0.0,0.0756987,0.17602526,0.0,0.0,0.0,0.3117726,0.060544647,0.0,0.0,0.0,0.0,0.04257318,0.0,0.0882447,0.08591396,0.0,0.0,0.0,0.0,0.055608194,0.0,0.0,0.0,0.0,0.0,0.0,0.027702127,0.0,0.03471612,0.0,0.0,0.06729442,0.0,0.09384206,0.0,0.106578365,0.019637825,0.0,0.0,0.16666919,0.0,0.0,0.0,0.10973867,0.0,0.0,0.0,0.0,0.044280946,0.050323512,0.10964662,0.0,0.2000092,0.18369037,0.043483634,0.07614009,0.16656971,0.0,0.08351262,0.0,0.0,0.017380493,0.10963461,0.020245234,0.0,0.0,0.04973713,0.0,0.0,0.0,0.0,0.0,0.0,0.122352324,0.0,0.0,0.044704247,0.0,0.0,0.26018178,0.059706736,0.028454417,0.0,0.0,0.0,0.14109422,0.0,0.15147035,0.0,0.0,0.019161092,0.0,0.0,0.003925284,0.0,0.0,0.0,0.0,0.0,0.03678655,0.0,0.0,0.026063077,0.15286648,0.0,0.0,0.012494076
TCGA-IB-AAUM-01,0.06763644,0.0,0.0,0.0,0.0012838864,0.0,0.031509314,0.0,0.043260578,0.074556224,0.0,0.0,0.019994281,0.047833536,0.0,0.007899155,0.08304549,0.07275295,0.0,0.0,0.0,0.0,0.18066336,0.0,0.095595926,0.12966608,0.016220767,0.113848686,0.0,0.15707958,0.04236073,0.114938565,0.0,0.02052332,0.0,0.035174362,0.10721505,0.0,0.14836313,0.0,0.002843946,0.0,0.06359563,0.08127611,0.0,0.06448269,0.0,0.0015621395,0.013099956,0.0,0.15077648,0.0,0.005753527,0.0,0.06911324,0.0,0.0,0.23048212,0.12965041,0.0,0.0,0.0,0.13588928,0.115427665,0.25797036,0.0,0.0,0.07930607,0.0,0.052567646,0.0,0.0,0.0022158767,0.0,0.03254738,0.0,0.0,0.0023058066,0.0,0.0,0.0,0.035391748,0.0005498085,0.0,0.0,0.0,0.0,0.0,0.0,0.04348517,0.0,0.0,0.059840705,0.0,0.001254087,0.015838573,0.0,0.0,0.16561382,0.0,0.12764695,0.0,0.1333096,0.0,0.021563781,0.14356838,0.024159726,0.0,0.036333576,0.0,0.023091724,0.046620313,0.0,0.022039423,0.0,0.1178627,0.0,0.0,0.009911874,0.0,0.0,0.0,0.0,0.0,0.14760764,0.0,0.09058875,0.0,0.20987868,0.11657202,0.0,0.22569647,0.07936726,0.0015934447,0.0,0.0068384414,0.18264593,0.0,0.0,0.085615024,0.026518604,0.09327397,0.09539476,0.0,0.0,0.09418828,0.0,0.0,0.03688151,0.0,0.0,0.19741373,0.0,0.0,0.0,0.0339644,0.054728597,0.0,0.0,0.19452934,0.048020374,0.028145792,0.0,0.15741204,0.0,0.0,0.0,0.0,0.0,0.0,0.0,0.0,0.08469945,0.0,0.073357806,0.0,0.019436594,0.09578241,0.0,0.0148222465,0.253119,0.0,0.08732094,0.011722922,0.0,0.0,0.07662968,0.0,0.07726339,0.0,0.038456783,0.0,0.0,0.13255247,0.0,0.09710895,0.19539368,0.0,0.0,0.0
TCGA-IB-AAUN-01,0.028513711,0.0,0.0,0.0,0.0,0.14622675,0.0,0.0,0.0,0.04321474,0.0,0.0,0.0,0.0,0.0,0.0,0.0,0.002562128,0.0,0.0,0.0,0.0,0.0,0.017850814,0.0,0.05627512,0.0,0.06837534,0.12942387,0.17922363,0.076682895,0.008875697,0.0,0.004838623,0.0,0.13300131,0.019972092,0.0,0.05821124,0.0,0.0,0.0,0.08043245,0.0,0.0,0.0,0.0,0.0,0.0,0.0,0.0,0.0,0.10424305,0.06447577,0.10152964,0.033169605,0.03167175,0.06785279,0.12710445,0.022565309,0.042957023,0.029248687,0.0,0.16642033,0.03792079,0.0,0.14050281,0.09653933,0.030905332,0.0,0.0,0.0,0.07789579,0.17028834,0.0,0.0,0.0,0.0,0.0,0.0,0.0,0.19150114,0.0,0.05836194,0.017615069,0.0,0.0,0.0,0.0,0.014154972,0.12820613,0.0,0.019753333,0.30048722,0.0,0.01053445,0.0,0.0,0.25101045,0.0,0.0,0.0,0.09266328,0.0,0.0,0.01814745,0.04740968,0.0,0.0,0.0,0.0,0.0,0.0,0.20354442,0.0,0.095612705,0.0690105,0.0,0.001992099,0.0,0.0,0.0,0.0,0.0,0.048764203,0.0,0.16777357,0.0,0.19431299,0.088786766,0.1590924,0.051524844,0.050148793,0.16834064,0.0,0.0,0.0,0.0,0.0068665617,0.0,0.0,0.064660445,0.0,0.0,0.0,0.12585445,0.12632704,0.0,0.0,0.0,0.0,0.0,0.036244314,0.046450075,0.13980483,0.0,0.11890817,0.0,0.03533224,0.137788,0.039425187,0.0,0.05641336,0.0,0.0,0.003779505,0.031941105,0.0,0.0,0.049397673,0.05219744,0.0,0.028879782,0.0,0.065026365,0.0,0.0,0.08868467,0.11528822,0.0056845443,0.15645663,0.0,0.0035301556,0.058332104,0.0,0.0,0.0078087966,0.10757055,0.0,0.0,0.07305571,0.0,0.10738594,0.002649963,0.0,0.28365114,0.23063734,0.0,0.0,0.079869196
TCGA-IB-AAUO-01,0.0,0.0,0.0,0.0,0.06411644,0.0,0.0,0.0,0.08643439,0.0,0.0,0.0,0.0,0.0,0.0009920768,0.12473647,0.0,0.0,0.0,0.0,0.0,0.0,0.0,0.0,0.0,0.08592224,0.024196545,0.12873012,0.024539676,0.17806345,0.0,0.14590847,0.0,0.04970231,0.0,0.10626609,0.0,0.0,0.0,0.0,0.0,0.0,0.0790328,0.0,0.0332447,0.034292337,0.0,0.03128987,0.0,0.0,0.0,0.0,0.1845833,0.0,0.053620677,0.0,0.12333388,0.17486916,0.0,0.023564907,0.10271642,0.0,0.0,0.07648595,0.11834287,0.0,0.0,0.0,0.0,0.0,0.0,0.0,0.0,0.17677668,0.0,0.0,0.0,0.0,0.12431427,0.0,0.0,0.20342201,0.0,0.0,0.0,0.0,0.0,0.014866036,0.12313577,0.0,0.0,0.017925382,0.12297791,0.10975212,0.12484617,0.029449109,0.11806218,0.0,0.19866766,0.0,0.0,0.0,0.11253073,0.0,0.0,0.049589086,0.0,0.040831357,0.0,0.0,0.0,0.022817336,0.0,0.19543687,0.080160074,0.021022128,0.0,0.0,0.079297006,0.0037024755,0.0942911,0.0,0.0,0.0,0.12193843,0.012327564,0.0,0.0,0.14229167,0.04552748,0.0,0.0,0.03822126,0.0,0.0,0.09247316,0.05363425,0.0,0.0,0.0,0.0,0.0,0.0,0.0,0.0,0.052471932,0.20218658,0.047675014,0.057796173,0.055165794,0.21745259,0.0,0.094016194,0.11268514,0.0,0.0,0.089333676,0.0,0.007921503,0.0666033,0.04567591,0.0,0.0,0.06027829,0.0,0.0,0.010101084,0.0,0.0,0.0,0.122608654,0.04178303,0.066338405,0.047004685,0.0,0.0,0.0,0.098091654,0.19997145,0.0,0.26537675,0.0,0.0,0.059804536,0.11078844,0.0,0.012779498,0.19212677,0.0,0.0,0.03149713,0.0,0.0,0.056839053,0.0,0.16625488,0.1981037,0.050994117,0.0,0.1402345
TCGA-IB-AAUP-01,0.07005554,0.096221745,0.0,0.01849437,0.008207954,0.0,0.021525264,0.0,0.0,0.0,0.10010357,0.0,0.02279686,0.0,0.0,0.040588465,0.0,0.016296087,0.0,0.0,0.07510632,0.11280018,0.122897886,0.0,0.2882256,0.12173211,0.12643288,0.0,0.0,0.085646294,0.0,0.11926735,0.0,0.16393436,0.0,0.0,0.2139374,0.15226401,0.06939203,0.0,0.0,0.0,0.20032966,0.0,0.0,0.18729079,0.0,0.017891077,0.19038987,0.11472983,0.14554428,0.04411456,0.1315245,0.0031256368,0.0839194,0.0,0.049140465,0.10808668,0.061115943,0.0,0.0,0.0,0.0,0.17306289,0.0,0.0,0.014128306,0.054960012,0.0,0.0,0.0,0.0,0.0,0.0,0.0,0.0,0.0,0.0,0.0,0.015000744,0.0,0.015827578,0.0053748996,0.0,0.020540213,0.0,0.0,0.0,0.047326468,0.0,0.0,0.0,0.086393565,0.051096722,0.0,0.12788917,0.0,0.053828,0.18568832,0.0,0.028636416,0.0,0.0,0.0,0.0,0.05205296,0.06569796,0.0,0.028000085,0.007370613,0.0,0.070337996,0.0,0.11722299,0.0,0.0,0.0,0.0,0.11150141,0.0142367575,0.03450371,0.0,0.0,0.0,0.09569477,0.0,0.09004156,0.0,0.12533762,0.03469096,0.037718512,0.046556357,0.0,0.0070485603,0.0,0.0,0.0,0.02956909,0.08503093,0.0,0.0,0.20882224,0.117526844,0.0,0.0,0.13098413,0.0,0.0,0.0,0.0,0.0,0.0047423425,0.0,0.031467848,0.028813055,0.006847474,0.043627582,0.0,0.0,0.06546693,0.0998718,0.0,0.0,0.0,0.0,0.024731232,0.05457588,0.00058464956,0.02015063,0.04726063,0.0,0.010952381,0.052357454,0.0,0.04908765,0.0,0.0,0.0,0.0,0.09398005,0.30366322,0.0,0.0,0.0,0.0,0.0,0.1885058,0.06076593,0.06243233,0.0,0.019511372,0.0,0.033939403,0.028899852,0.0,0.24963553,0.09201086,0.0,0.0,0.06314175
TCGA-IB-AAUQ-01,0.0,0.06577321,0.0,0.0,0.0011299751,0.045593496,0.0,0.026622823,0.026455846,0.0,0.0,0.00047942935,0.0,0.014900591,0.0,0.067914955,0.0,0.24135026,0.0,0.0,0.0,0.0,0.09886151,0.11681364,0.19543053,0.14119501,0.12302124,0.0,0.16118324,0.09959376,0.11527123,0.0,0.0,0.11155376,0.0,0.037969846,0.034692388,0.0,0.12999308,0.0,0.016736653,0.0,0.08106303,0.0,0.08512792,0.0009355226,0.0,0.07727999,0.11892333,0.14047477,0.08078704,0.023882989,0.11225572,0.021108126,0.09247652,0.0,0.0,0.10184586,0.08701603,0.0,0.18413395,0.0,0.050377913,0.15812156,0.09440954,0.0,0.04184687,0.06923384,0.0,0.0,0.0,0.0,0.0,0.034870382,0.0,0.0,0.0,0.0,0.0037952887,0.0,0.0,0.15296693,0.0,0.0,0.018421192,0.0,0.17001076,0.0,0.13232477,0.035484698,0.062255766,0.009730127,0.058136236,0.16580561,0.12221852,0.016336298,0.082110524,0.0,0.26572707,0.0,0.0,0.008600279,0.0,0.0,0.0044971635,0.097800605,0.0,0.0,0.0,0.0051249666,0.0,0.0,0.07199885,0.04273014,0.0,0.019683376,0.0,0.0,0.0,0.15188922,0.0,0.012349143,0.0,0.0,0.0,0.0,0.0,0.0,0.16165473,0.12528053,0.0,0.014967461,0.06869279,0.031369776,0.0,0.0,0.0017420882,0.0066552805,0.0,0.0,0.0,0.07714194,0.08285373,0.0,0.0,0.16458847,0.011366195,0.0,0.0,0.037079927,0.12955168,0.015600861,0.0,0.14733905,0.1636342,0.0,0.015111196,0.0,0.0,0.0,0.0,0.0,0.0,0.0,0.0,0.06639326,0.06591366,0.080919154,0.0,0.15571634,0.0,0.0,0.18604314,0.0,0.0,0.0,0.0,0.0,0.02521264,0.0,0.15162034,0.0,0.17202444,0.0,0.0,0.018802572,0.021360662,0.035146978,0.08008365,0.006302294,0.11347375,0.0,0.0,0.032316126,0.0,0.08539365,0.13937369,0.0,0.0,0.044088256
TCGA-IB-AAUR-01,0.03574883,0.0,0.0,0.0,0.028828338,0.10399475,0.026619261,0.013890806,0.0,0.0,0.10739525,0.035180543,0.05406157,0.0,0.0,0.008877558,0.0,0.045097936,0.034553785,0.0,0.12860323,0.16311936,0.071320415,0.03267304,0.15902783,0.16733675,0.110384755,0.0,0.009255634,0.06920925,0.01441301,0.0708742,0.0,0.1391945,0.013530974,0.098489486,0.15042052,0.04108815,0.11545583,0.0,0.0,0.0,0.14533718,0.0,0.0018058763,0.0,0.0,0.0,0.20925276,0.10166819,0.06838676,0.014754276,0.2163429,0.016804423,0.050049216,0.0,0.0,0.034069326,0.07810606,0.0009394223,0.07001625,0.0,0.0,0.105816185,0.14881977,0.0,0.0,0.09328278,0.0,0.06339116,0.0,0.0,0.0037389759,0.010118821,0.0,0.06796962,0.0,0.016434072,0.0,0.0,0.0,0.050342407,0.0092253685,0.08435687,0.008783679,0.0,0.0,0.0,0.12124493,0.015545618,0.05502314,0.0,0.18286532,0.13503349,0.016702639,0.058907762,0.0,0.0,0.23953381,0.0,0.029817676,0.0,0.0,0.0,0.0004422924,0.0,0.17882903,0.0,0.03687572,0.0,0.0,0.012992706,0.0,0.13127111,0.03421288,0.0,0.0,0.0,0.0,0.0,0.047288153,0.0,0.0,0.0,0.047913283,0.0,0.0,0.0,0.12971817,0.03883776,0.0,0.1031825,0.0,0.047011416,0.0,0.0,0.019814972,0.0,0.0,0.0,0.0,0.062712505,0.0054133767,0.0,0.0,0.1543884,0.037291814,0.0,0.0,0.0,0.0,0.0,0.072714195,0.0,0.0,0.12838903,0.09796954,0.0,0.13603231,0.07674927,0.06955455,0.0,0.061594643,0.0,0.0,0.0,0.18274905,0.0,0.0,0.08509116,0.0,0.0,0.04750931,0.0,0.15776393,0.0,0.0,0.0,0.12926725,0.13468327,0.3425233,0.0,0.08189065,0.018754356,0.0,0.0,0.120863505,0.0,0.0,0.0,0.052756604,0.0,0.014376441,0.028272834,0.0,0.03947285,0.110744946,0.0,0.0,0.009994695
TCGA-IB-AAUS-01,0.17776115,0.10652461,0.0,0.0,0.09201938,0.0,0.0,0.14482668,0.0,0.0,0.052073307,0.0,0.13877963,0.0,0.0,0.13246827,0.0,0.015424441,0.0,0.0,0.067684256,0.02699541,0.03655078,0.0,0.15038599,0.19627577,0.12733322,0.0,0.0,0.0,0.0,0.0041133557,0.0,0.07009119,0.0,0.11804007,0.11479065,0.15542845,0.18987906,0.0,0.0,0.0,0.15607004,0.0,0.13290863,0.16238537,0.0,0.0,0.15205748,0.1512924,0.16556987,0.0,0.11238294,0.0,0.09182629,0.0,0.033276416,0.0,0.10529452,0.0,0.077511504,0.0,0.02543301,0.14001796,0.025271907,0.0,0.0,0.019303875,0.0,0.0,0.054210823,0.0,0.0,0.0,0.0,0.11178842,0.0,0.0,0.0,0.0,0.0,0.0,0.13212843,0.0,0.0068329372,0.0,0.048443366,0.0,0.086526416,0.0066652647,0.04970207,0.014933313,0.06662431,0.21090429,0.0796883,0.13476276,0.008126249,0.0,0.10795684,0.0,0.0,0.0,0.0,0.0,0.041304976,0.0,0.069278784,0.0,0.11155788,0.0,0.0,0.0,0.0,0.18025602,0.02806597,0.0,0.0,0.0,0.0,0.011663312,0.14628792,0.0,0.0,0.0,0.040633988,0.0,0.035951972,0.0,0.0994762,0.0,0.0,0.015362859,0.0,0.083101034,0.080888495,0.0,0.0030039863,0.0,0.0,0.0,0.0,0.0,0.05189544,0.0,0.0,0.049589507,0.03216578,0.0,0.0,0.038730424,0.0,0.0,0.014467124,0.081550315,0.05688884,0.015956555,0.022640688,0.0,0.0350111,0.14215805,0.106257215,0.07099807,0.0,0.17734213,0.0,0.0,0.10697691,0.0,0.0,0.1104895,0.0,0.0,0.14147554,0.0,0.011454518,0.0,0.0,0.0,0.11879418,0.008897994,0.24791794,0.0,0.014766554,0.09735761,0.0,0.0,0.112817176,0.053106565,0.1067321,0.0,0.0,0.0,0.0,0.036896225,0.03597683,0.14558074,0.018125582,0.1013035,0.0,0.0
TCGA-IB-AAUT-01,0.0,0.011150063,0.0,0.0,0.15809399,0.05246524,0.060574107,0.06856548,0.0,0.02453081,0.028645145,0.0,0.042722072,0.0,0.0,0.0,0.0,0.10774264,0.0,0.0,0.0924942,0.0,0.0027028362,0.0059904945,0.17659582,0.257853,0.089518376,0.14091375,0.13643886,0.12990329,0.06116528,0.0075121867,0.0,0.04237775,0.0,0.036465466,0.1080916,0.028850872,0.21388613,0.0,0.0,0.0,0.031357523,0.0,0.13343129,0.099275276,0.0,0.0,0.1287136,0.15169047,0.0,0.025204226,0.051266342,0.023659937,0.017165694,0.0,0.0,0.0077333027,0.018047264,0.020632362,0.0,0.0,0.0,0.06804745,0.03806166,0.0,0.0,0.1415896,0.06412388,0.0,0.0,0.0,0.0,0.08338213,0.0,0.035885725,0.0,0.077115715,0.0,0.0,0.0,0.12335994,0.025284167,0.051734455,0.05938024,0.0,0.06605221,0.0,0.08553106,0.0,0.0,0.0,0.0,0.13675644,0.0,0.11835246,0.0,0.0,0.08483352,0.0,0.004608346,0.0,0.031014312,0.0,0.0,0.15438364,0.12980172,0.0,0.012624394,0.0,0.0,0.039920773,0.0,0.14849068,0.0,0.026975853,0.0,0.0,0.0,0.05840815,0.0,0.033275172,0.0,0.0,0.25059313,0.07634305,0.010994039,0.0,0.2103204,0.033505548,0.0,0.0896863,0.0,0.06714763,0.0,0.0,0.032876562,0.050359514,0.0,0.0,0.12964669,0.0,0.025147513,0.0,0.0,0.18221961,0.0,0.0,0.02452266,0.0,0.0,0.020134924,0.0,0.059767075,0.0,0.018876337,0.14586069,0.0,0.0,0.06326192,0.19012503,0.0,0.0,0.0,0.0,0.0,0.028033111,0.0,0.0,0.07746016,0.0,0.0,0.055395383,0.0,0.04743337,0.0,0.0,0.0,0.0,0.08299047,0.28195146,0.0013517207,0.13080984,0.0,0.0,0.0,0.13757084,0.021382624,0.0053913943,0.0,0.0,0.0,0.0,0.14032693,0.0,0.16430089,0.13082232,0.0,0.0,0.0778261
TCGA-IB-AAUU-01,0.08300161,0.0,0.0,0.0,0.0,0.0,0.0,0.029202407,0.041973155,0.043825712,0.033116207,0.18948737,0.0,0.0,0.0,0.0,0.0,0.026776874,0.0,0.0,0.0,0.0066767647,0.0,0.0,0.1194987,0.23253214,0.15017316,0.04003499,0.11995004,0.19253851,0.0,0.012004253,0.0,0.0,0.0,0.03233838,0.0047584604,0.09163184,0.16249423,0.0,0.037870497,0.0,0.0,0.0,0.0,0.13921104,0.0,0.053518277,0.0,0.04845462,0.24147679,0.0,0.08949348,0.04651046,0.045353077,0.0,0.12707673,0.22505482,0.029232923,0.0,0.14104,0.0,0.0,0.03291534,0.0,0.0,0.0,0.03611235,0.0717303,0.0,0.0,0.0,0.131755,0.0708818,0.0,0.0,0.0,0.0,0.0,0.0,0.0,0.092603534,0.0,0.0,0.0,0.0039344486,0.0,0.0,0.0,0.13068931,0.0,0.0,0.0,0.09748018,0.029087659,0.09785081,0.0,0.0,0.08091054,0.045026537,0.0,0.0,0.09388789,0.071812,0.0,0.15013579,0.010341969,0.0,0.0,0.0,0.0,0.09328,0.0,0.0,0.0,0.12580709,0.04456771,0.0,0.0,0.08903966,0.04730115,0.0,0.0,0.0,0.0,0.0,0.08262449,0.0,0.08152048,0.18965547,0.06429495,0.0,0.0,0.00031450312,0.0,0.13586217,0.0,0.14233603,0.0,0.0,0.0,0.023367967,0.0,0.10080102,0.0,0.24979863,0.10987258,0.0,0.0327792,0.0,0.0,0.016951274,0.040874004,0.04324125,0.0,0.04686919,0.15978609,0.0,0.0,0.011448161,0.054618634,0.0,0.0,0.025847128,0.0,0.0,0.05031218,0.035485603,0.0,0.13452376,0.0,0.0,0.07183916,0.026116842,0.0,0.0,0.0,0.0,0.08026743,0.056422085,0.28685078,0.0,0.0,0.10915259,0.0,0.0,0.0,0.12580094,0.0,0.12583284,0.05352293,0.029701373,0.0,0.03512909,0.08419185,0.16069794,0.115759104,0.0,0.0,0.030763062
TCGA-IB-AAUV-01,0.0,0.0739443,0.0,0.0,0.0,0.0,0.03763424,0.02551536,0.0,0.0,0.03239925,0.0,0.17134963,0.0,0.0,0.1333837,0.0,0.108311854,0.0,0.0,0.122975394,0.0,0.0,0.0,0.0072913147,0.16714683,0.017979635,0.0,0.017018741,0.0,0.0,0.0,0.0,0.08806326,0.0,0.1974747,0.16026355,0.0,0.10952879,0.02974186,0.0,0.0,0.2229659,0.0,0.075304426,0.1761257,0.0,0.0,0.02877135,0.07051437,0.015205304,0.03684931,0.09103161,0.043679927,0.10734133,0.0,0.0,0.13600986,0.2250023,0.0,0.106360085,0.0,0.0074747456,0.07499614,0.019051487,0.0,0.0,0.110217154,0.0,0.0,0.0,0.0,0.038442068,0.08175979,0.0,0.0356666,0.0,0.0022798409,0.0,0.0,0.0,0.01707442,0.061433032,0.0,0.0,0.0,0.0,0.0,0.0,0.034977864,0.0,0.0,0.06753058,0.12597878,0.0,0.05700996,0.05556809,0.0,0.22921643,0.0,0.0,0.017230593,0.033486772,0.0,0.0,0.040373042,0.053148888,0.0,0.07023344,0.0,0.0,0.0,0.0,0.19563633,0.0,0.0,0.0,0.0,0.0,0.14773767,0.032571953,0.0,0.0,0.0,0.09243216,0.0,0.084144585,0.0,0.083597414,0.13329887,0.01468542,0.0,0.038089182,0.01715151,0.0,0.0073856446,0.0,0.0,0.0,0.0,0.0,0.0,0.029545173,0.0,0.0,0.16118237,0.0,0.0,0.0,0.0,0.0,0.07212495,0.075213775,0.05804838,0.0,0.032375444,0.0901663,0.0,0.0,0.123773575,0.13359797,0.020471666,0.0,0.059915066,0.0,0.023668373,0.1323177,0.0,0.0,0.08694178,0.0,0.0,0.0,0.0,0.0,0.0,0.0,0.044164494,0.13158245,0.058103364,0.29201117,0.00013284505,0.089518964,0.0,0.0,0.0,0.08721165,0.020581197,0.21391612,0.0,0.1045584,0.0,0.0,0.0,0.08323562,0.23131931,0.16370884,0.0,0.0,0.0
TCGA-IB-AAUW-01,0.10032068,0.0,0.0,0.0,0.027242806,0.030540919,0.1542667,0.0,0.041969843,0.11110636,0.04850337,0.013346507,0.0,0.0,0.0,0.0,0.0,0.0,0.0,0.0,0.0055321376,0.033582423,0.11419677,0.0,0.0,0.15996656,0.14743878,0.007972523,0.011707785,0.059463702,0.01074992,0.0,0.0,0.16261025,0.0,0.22628918,0.14106658,0.0,0.0013960573,0.0,0.0,0.0,0.10729766,0.0,0.0,0.08236556,0.0,0.0,0.0,0.0,0.0,0.012334635,0.029936872,0.0,0.27474123,0.0,0.0,0.03173367,0.13907664,0.0,0.06471592,0.0,0.106542185,0.09293971,0.20753986,0.0,0.048146836,0.2571263,0.0,0.0,0.057985924,0.0,0.0,0.0,0.09943777,0.055313606,0.047676697,0.07168499,0.0,0.031639963,0.0,0.022308277,0.01915012,0.0,0.0,0.0,0.0,0.0,0.019202206,0.031024773,0.0,0.0,0.161354,0.0037512705,0.084390685,0.12740129,0.08584717,0.0,0.1677041,0.0,0.0,0.010289756,0.03655121,0.0,0.0,0.0022549378,0.030514153,0.0,0.010415424,0.0,0.041212738,0.0,0.0,0.0,0.046195168,0.12637447,0.022790806,0.0,0.084491834,0.0,0.0,0.08780388,0.0,0.0,0.08286774,0.014936739,0.14752644,0.0,0.10365018,0.07444966,0.0,0.0,0.0,0.086145304,0.0,0.0,0.1480838,0.0,0.009477721,0.0,0.0,0.0449002,0.12773627,0.0,0.0,0.33558145,0.19831781,0.0,0.0,0.0,0.04719326,0.0,0.0,0.0,0.05738993,0.008244101,0.0018973142,0.0,0.0,0.0018359368,0.0,0.0,0.0,0.0,0.0,0.018693514,0.0,0.0,0.0,0.0,0.119972795,0.0,0.0,0.056607854,0.0,0.0,0.0,0.0,0.034828253,0.099361405,0.16679479,0.0,0.0,0.02234472,0.0,0.0,0.06382015,0.0,0.18840885,0.0,0.18844001,0.0,0.0,0.031382002,0.021776525,0.00061891053,0.0,0.014786782,0.0,0.0
TCGA-L1-A7W4-01,0.0,0.0,0.0,0.0,0.051235307,0.038166944,0.08419118,0.0,0.0,0.07992995,0.0,0.001473268,0.0,0.0,0.087409355,0.0,0.0,0.0,0.0,0.0,0.033977974,0.0,0.0,0.0,0.0,0.35251787,0.019200524,0.0,0.0,0.0,0.12688646,0.10788633,0.0,0.0,0.0,0.043876916,0.15171699,0.0,0.13719468,0.0,0.0,0.0,0.113907054,0.0,0.0,0.14832155,0.0,0.0,0.094095364,0.0,0.08040718,0.0,0.027507786,0.033933084,0.15879118,0.0,0.0073685874,0.02347466,0.0007422033,0.04981726,0.025536697,0.0,0.17849341,0.0058979075,0.07147198,0.010632786,0.14758477,0.1331927,0.0,0.0028404882,0.018509818,0.0,0.0,0.16411732,0.0,0.0,0.0,0.0,0.0,0.0,0.0,0.017965425,0.20486857,0.07266503,0.11628223,0.0,0.04232084,0.0,0.11948048,0.121882014,0.0,0.0,0.12283656,0.13245633,0.04486334,0.0,0.0,0.0,0.18042514,0.0,0.0,0.0,0.0,0.0,0.12994215,0.0,0.005957973,0.0072855228,0.18799902,0.0,0.07298164,0.0,0.0,0.031166073,0.0,0.0,0.06489797,0.0,0.0,0.072043575,0.0,0.0,0.0,0.0,0.038095385,0.0,0.0,0.0,0.092308,0.046513636,0.0,0.0,0.14901635,0.1732614,0.0,0.0,0.0,0.0,0.0,0.0,0.0,0.0,0.085080035,0.0,0.0,0.020265521,0.0,0.0,0.0,0.0,0.0,0.0,0.0,0.1164184,0.0,0.16358349,0.123547606,0.13451482,0.0,0.0,0.07676808,0.0,0.15336409,0.0,0.0,0.0,0.002298196,0.037296575,0.0,0.0,0.0,0.0,0.15349805,0.08350503,0.0,0.0,0.0,0.0052249334,0.08019499,0.06309945,0.2063919,0.0,0.0,0.06716655,0.0,0.0,0.0,0.19247733,0.0,0.0,0.0,0.0,0.0,0.0,0.0,0.083726466,0.22958417,0.0,0.0,0.06202605
TCGA-LB-A7SX-01,0.0,0.0,0.0,0.0,0.001489538,0.0,0.0,0.006536149,0.0,0.0,0.045918904,0.0032233114,0.0,0.04878254,0.0,0.027045753,0.0,0.0,0.06543046,0.0,0.0,0.0,0.0,0.0003486669,0.0,0.088792115,0.061716106,0.0,0.049598996,0.008176962,0.0,0.0,0.0,0.0,0.069462694,0.0,0.08519825,0.0,0.1681638,0.0,0.040067106,0.0,0.06975497,0.08774615,0.021391755,0.12965447,0.0,0.058406945,0.048105706,0.09985163,0.0,0.0,0.0,0.0,0.17571172,0.0,0.05370103,0.0,0.0,0.0,0.1512026,0.0,0.08175717,0.0,0.26340002,0.0,0.060891014,0.010663183,0.0,0.0,0.09377793,0.0,0.0,0.05168117,0.0619354,0.0,0.0,0.0,0.025702678,0.061562926,0.0,0.0,0.009685661,0.0,0.0,0.0,0.0,0.0,0.050606664,0.0,0.0049016327,0.0,0.18083493,0.25898144,0.0,0.008407983,0.0,0.0,0.1634102,0.0,0.0,0.04461657,0.0,0.0,0.06249513,0.07154322,0.057698023,0.0,0.0,0.0,0.06396193,0.0,0.008338706,0.011662917,0.023710592,0.0992426,0.057176623,0.0,0.01982453,0.0,0.01753861,0.0,0.0,0.0019576906,0.06116145,0.025348803,0.031297933,0.0,0.2530233,0.0,0.0,0.0,0.06255505,0.1175281,0.0,0.043209102,0.025569543,0.0,0.0,0.0,0.0,0.08100424,0.052031208,0.03599667,0.0,0.120155536,0.051792532,0.0,0.07258408,0.0,0.0,0.20236151,0.0,0.0,0.11237982,0.03461656,0.035281785,0.0,0.055342395,0.109654725,0.0,0.0,0.0,0.0,0.02257138,0.0,0.0010350127,0.0,0.0,0.12439689,0.0,0.11991475,0.34208125,0.0,0.033258796,0.0,0.0,0.04290586,0.08139907,0.058498517,0.22487216,0.0,0.0,0.0,0.0,0.0,0.18325062,0.040254835,0.019830946,0.025488717,0.12482354,0.0,0.042204678,0.0,0.0,0.3205412,0.09558338,0.0,0.0,0.009476143
TCGA-LB-A8F3-01,0.0,0.036110073,0.0,0.0,0.0,0.0,0.06909653,0.057105474,0.048608374,0.059473585,0.0,0.099725306,0.0,0.0,0.0,0.098164216,0.025977276,0.046934195,0.0,0.0063139684,0.0,0.04448328,0.0,0.0,0.19923906,0.23045811,0.051625088,0.0,0.040926844,0.138764,0.06356141,0.0,0.0,0.057597127,0.0,0.07103206,0.0,0.018660832,0.1935227,0.0,0.0,0.0,0.027675858,0.0,0.09553594,0.14509173,0.0,0.0,0.1731082,0.019147938,0.02817305,0.0,0.005825492,0.13464506,0.037096795,0.0,0.13927558,0.008739751,0.07176887,0.0,0.062467746,0.0,0.0,0.15471688,0.23551051,0.0,0.0,0.004911199,0.14074682,0.06117118,0.0,0.0,6.821072e-05,0.0,0.09260861,0.0,0.14834884,0.0,0.0,0.0,0.0,0.09114673,0.09380685,0.11573095,0.0,0.0,0.0,0.0,0.080086395,0.0,0.037006103,0.0,0.08474874,0.0962256,0.035419926,0.0,0.03848214,0.0,0.023290982,0.0,0.0,0.0,0.0,0.0,0.0,0.016667325,0.07480927,0.041160148,0.0,0.0,0.0,0.0,0.0,0.13356633,0.0,0.1593642,0.14577371,0.0,0.0,0.015441337,0.0,0.013236627,0.0,0.0,0.0,0.051628437,0.16766931,0.0,0.108996056,0.04774085,0.0,0.0,0.10493633,0.060371194,0.024709793,0.0,0.16926584,0.0,0.0,0.082862034,0.0,0.08364395,0.17959645,0.040200893,0.0,0.051324274,0.03752754,0.0,0.20393008,0.0,0.16142617,0.074759,0.10107382,0.038303208,0.06747543,0.0026403817,0.025523083,0.0,0.108204894,0.0,0.0,0.0,0.0,0.0,0.0,0.012962797,0.011039168,0.024009626,0.0,0.118315734,0.0,0.0,0.1980246,0.032009244,0.0,0.0,0.030879002,0.0,0.12463506,0.0,0.14397682,0.0,0.0,0.0,0.054952227,0.0,0.2108409,0.043580912,0.011903068,0.03050355,0.0,0.0,0.13205561,0.0,0.0,0.05683909,0.008401885,0.1136599,0.0,0.024751598
TCGA-LB-A9Q5-01,0.061417017,0.07908233,0.0,0.0,0.042404793,0.0,0.26930135,0.11317695,0.0,0.061251838,0.11427876,0.0,0.0,0.0,0.0,0.02191786,0.0,0.0,0.0,0.0,0.0,0.0,0.0,0.0,0.0,0.09898171,0.0,0.13447416,0.044643518,0.23770842,0.030880583,0.100886434,0.0,0.04225779,0.0,0.059726126,0.21133779,0.1342135,0.0,0.036090046,0.011185178,0.0,0.0,0.0,0.0,0.05250482,0.0,0.0,0.0,0.14805757,0.0,0.0,0.0,0.20613371,0.0,0.0,0.0,0.060450446,0.03996569,0.0,0.10554412,0.0,0.05814146,0.0,0.06284541,0.03081192,0.0,0.0165812,0.0,0.0,0.06209915,0.0,0.00301071,0.04544901,0.0,0.0,0.0,0.105138786,0.009415872,0.0,0.0,0.21216847,0.14757167,0.023290966,0.0,0.0,0.06357925,0.0,0.1781297,0.046230897,0.043308407,0.04736179,0.17642057,0.0,0.0,0.0,0.07209982,0.0,0.24929443,0.0,0.040216383,0.0,0.050188813,0.0,0.0,0.19800171,0.0,0.0,0.0,0.0,0.0,0.0,0.0,0.0,0.0,0.015128389,0.0,0.0,0.0,0.0,0.0,0.0,0.0,0.0,0.0,0.0,0.0,0.0,0.00907873,0.016976079,0.091959655,0.035424814,0.0,0.0,0.017906465,0.0,0.17091735,0.0,0.0,0.1622242,0.0,0.0,0.02363683,0.0,0.0,0.07368436,0.001893716,0.0,0.044667166,0.0,0.0,0.08559637,0.0,0.13783059,0.08375836,0.08899139,0.1389585,0.0,0.009662645,0.037987314,0.0555575,0.084467456,0.0,0.0,0.0,0.0,0.0,0.108997226,0.12450553,0.0,0.0,0.0,0.0,0.011655665,0.040996805,0.0,0.0,0.021746362,0.11184868,0.044718094,0.07703034,0.0,0.17728817,0.0,0.0,0.0,0.1466358,0.22227776,0.0,0.031343237,0.0,0.0,0.0,0.0,0.13722587,0.19465353,0.03889508,0.0,0.0,0.0086343335
TCGA-M8-A5N4-01,0.012271697,0.0020997908,0.0,0.0,0.066610664,0.10736219,0.0085750045,0.19761723,0.0,0.10220351,0.055471897,0.09887907,0.07992319,0.0,0.0,0.006497624,0.12020419,0.015986394,0.0,0.0,0.04994255,0.02598955,0.0027955158,0.0,0.0,0.15136342,0.0,0.0,0.0,0.16390435,0.0,0.12515803,0.0,0.040668778,0.0,0.22206806,0.014489925,0.08928837,0.0,0.0,0.0,0.0,0.13565192,0.0,0.0,0.07416239,0.0,0.035155248,0.0,0.0,0.0,0.050995227,0.0,0.0,0.036491793,0.0,0.030008173,0.0,0.027905738,0.0,0.14508536,0.0,0.0,0.0,0.15170532,0.019005459,0.09046864,0.033825554,0.0,0.012637664,0.0,0.0,0.0,0.070735805,0.011263345,0.086370155,0.0,0.0,0.0,0.012912442,0.0,0.0323979,0.02642088,0.0,0.14574851,0.0,0.0,0.0,0.06642004,0.0,0.07011921,0.0,0.12424371,0.18764794,0.0,0.0,0.0,0.0,0.27677566,0.0,0.0,0.0,0.0,0.0,0.10879972,0.0048928815,0.048171554,0.0,0.13570286,0.0,0.09031823,0.0029937096,0.0,0.0,0.0037466884,0.08288741,0.054572646,0.0,0.0,0.107684635,0.0,0.0110323625,0.0,0.0,0.0,0.007998495,0.18494853,0.0,0.22344768,0.03348824,0.06623169,0.0,0.16923572,0.1070423,0.0,0.0,0.0,0.0,0.0,0.029661981,0.0,0.0,0.04374352,0.0,0.0,0.08539685,0.2607944,0.0,0.007193482,0.0,0.0,0.0,0.08746047,0.04350097,0.0,0.0,0.062609665,0.0,0.005001853,0.017820654,0.10124255,0.0,0.18740448,0.0,0.0,0.11933976,0.0,0.0,0.0,0.0,0.0,0.0,0.13469593,0.026315663,0.0,0.0,0.0,0.06644117,0.013449018,0.0,0.12799403,0.0,0.0,0.08480081,0.0,0.0,0.1668056,0.18094213,0.0,0.0,0.14116701,0.0,0.0,0.008210091,0.0,0.16692548,0.12812406,0.0,0.0,0.0
TCGA-OE-A75W-01,0.0,0.0,0.0,0.016099904,0.0,0.030622052,0.012590496,0.068970405,0.06605005,0.09522844,0.0741866,0.091179036,0.0,0.04589484,0.021284506,0.0,0.0,0.14984556,0.026853591,0.06305511,0.0,0.0,0.050335966,0.08777525,0.0,0.1622478,0.0,0.0,0.0,0.29062828,0.0,0.035258826,0.0,0.0,0.020913925,0.007017887,0.005483887,0.020001847,0.049117517,0.0,0.0,0.0,0.104628675,0.0,0.0,0.0,0.0,0.047055,0.0,0.16724204,0.0,0.0,0.0,0.023083512,0.009031272,0.0,0.0,0.12478563,0.0,0.008741947,0.27262202,0.0,0.028403463,0.10245184,0.124609314,0.064610615,0.06984416,0.12241532,0.0,0.06363546,0.0,0.0,0.05089156,0.051892966,0.0,0.0,0.0,0.0,0.0,0.025264096,0.0,0.12681049,0.046765033,0.042597167,0.0,0.11204092,0.025290055,0.0,0.10563923,0.0,0.09753437,0.03309978,0.005952745,0.13839607,0.010406879,0.0,0.0,0.0,0.077258915,0.0,0.0,0.0,0.0,0.0,0.0,0.0,0.06486662,0.07433854,0.005241725,0.0,0.0,0.0,0.0,0.0059413346,0.033514526,0.0,0.06115656,0.0,0.10440616,0.0,0.1211587,0.0,0.0,0.0,0.0036033792,0.04239026,0.0,0.0,0.0,0.10181803,0.10468847,0.0,0.116228834,0.10352355,0.0,0.0,0.025151126,0.0,0.0,0.0,0.0061543602,0.0,0.09220018,0.05219415,0.0,0.25032952,0.015549733,0.0,0.07780158,0.22437876,0.0,0.0,0.0,0.1159461,0.12474299,0.040622942,0.0,0.0637816,0.0,0.0,0.0,0.0,0.0,0.0,0.0,0.048880372,0.0,0.0,0.0,0.22005162,0.0061227786,0.0,0.20939888,0.0,0.0,0.0,0.0,0.07502319,0.05369356,0.0,0.08484324,0.0,0.012521354,0.0,0.0,0.0,0.15776186,0.0,0.0,0.0,0.12814264,0.0,0.13290688,0.0,0.0,0.09750265,0.28905177,0.11336652,0.0,0.09741694
TCGA-PZ-A5RE-01,0.0878335,0.15958486,0.0,0.0,0.0,0.08101848,0.0,0.24961549,0.0,0.013064408,0.034095988,0.045421235,0.0,0.0,0.0,0.0,0.0,0.032309726,0.0,0.06533154,0.0,0.037990175,0.0,0.0043648253,0.05067142,0.19835979,0.24995945,0.10904106,0.0088825235,0.14704001,0.16208999,0.0,0.0,0.101627596,0.0,0.17957576,0.08538539,0.0,0.072331466,0.0,0.0,0.0,0.098539814,0.0,0.031592134,0.003621436,0.0,0.0,0.06616692,0.055531148,0.14147092,0.0945328,0.0,0.06467226,0.0,0.0,0.030695446,0.0,0.0,0.0,0.15043291,0.0,0.0,0.0,0.041637894,0.0,0.05751283,0.0,0.08552366,0.006736701,0.0,0.0,0.0,0.23404779,0.038098507,0.0,0.0,0.0,0.0,0.0,0.0,0.059059847,0.10730118,0.028506607,0.0,0.03996695,0.067966156,0.0,0.056559715,0.040646393,0.123116136,0.0,0.028978704,0.11581707,0.0,0.033832148,0.030561991,0.0,0.09762918,0.0,0.0,0.0,0.0,0.0,0.084047474,0.03209045,0.085244015,0.0,0.10233229,0.0,0.0,0.0,0.0,0.062388606,0.0,0.0,0.19933677,0.0,0.0,0.03406445,0.13958828,0.0,0.0,0.0,0.0,0.0,0.026526742,0.0,0.016592238,0.10103963,0.0,0.0,0.0,0.030813841,0.0,0.0,0.06936859,0.0,0.0,0.0,0.0,0.1061852,0.04933049,0.0,0.0,0.255986,0.0035717506,0.0,0.005643542,0.020156994,0.0,0.0,0.012634247,0.01975591,0.13315971,0.14972594,0.07434221,0.0,0.0,0.06576288,0.0,0.0,0.1352249,0.02863141,0.0,0.16641745,0.0,0.0,0.0,0.07119244,0.0,0.0,0.048520524,0.053392623,0.0,0.0,0.06769453,0.06724823,0.14374882,0.0,0.13091128,0.008673698,0.0,0.0,0.0,0.0,0.16244622,0.18101618,0.0,0.0,0.0,0.0,0.08205145,0.0,0.0,0.1926489,0.0014166799,0.11245138,0.0,0.0
TCGA-Q3-A5QY-01,0.14640494,0.0623312,0.0,0.0,0.0,0.07085255,0.025856659,0.0,0.039398722,0.0,0.10781728,0.10298372,0.11258153,0.0,0.0,0.0,0.0,0.03210507,0.0,0.0,0.03734612,0.15726851,0.0,0.007619512,0.16652597,0.1849084,0.06785182,0.0,0.0,0.17077565,0.0,0.01188799,0.0,0.05230823,0.022374736,0.011956484,0.055453088,0.0,0.024079094,0.0,0.0,0.0,0.07278927,0.0,0.0046399054,0.07680664,0.0,0.0,0.26436174,0.0,0.19117185,0.0,0.081044815,0.085868746,0.003630324,0.0,0.082661,0.0616172,0.02454547,0.0,0.0,0.0,0.0,0.14639832,0.078829184,0.0,0.0,0.022305664,0.0,0.05110216,0.00025257355,0.0,0.0,0.025662223,0.0,0.0,0.0,0.0,0.003208434,0.073879205,0.0,0.042737078,0.11911442,0.20053016,0.0,0.0,0.0,0.044333607,0.044399202,0.0,0.0,0.09162778,0.1761703,0.051772475,0.0,0.038165685,0.0,0.0,0.08466864,0.0,0.0,0.0,0.028808326,0.0,0.0,0.0,0.09761972,0.0,0.16813558,0.0,0.0,0.0,0.0,0.060906507,0.039461248,0.0033497892,0.0,0.0,0.017673964,0.0,0.0,0.0,0.0,0.0,0.025276264,0.0,0.014795445,0.0,0.2084413,0.108969845,0.0050192815,0.013625821,0.0,0.0,0.0,0.0,0.0,0.055806495,0.0,0.0,0.0,0.11045629,0.0759506,0.0,0.0,0.13635254,0.051286153,0.0,0.0,0.0,0.0,0.08799186,0.0,0.0021468664,0.0,0.19400205,0.10996557,0.1136881,0.18562746,0.017473068,0.15413986,0.005137146,0.09589374,0.0,0.0,0.015362547,0.035915874,0.024399895,0.0067867334,0.028387453,0.0,0.0,0.08622842,0.0,0.052915853,0.0,0.0,0.0,0.19971801,0.13272786,0.24402098,0.0,0.056346588,0.0,0.018528016,0.0,0.16366258,0.09726136,0.0033114161,0.0,0.0,0.0,0.17323495,0.0,0.0,0.07164096,0.15693724,0.0,0.0,0.031008096
TCGA-Q3-AA2A-01,0.022008138,0.07347101,0.0,0.0,0.024371326,0.0,0.0,0.0,0.0,0.08532013,0.0,0.05618826,0.022199795,0.0,0.02174857,0.0,0.0,0.047881562,0.0,0.0,0.08784242,0.08676059,0.0,0.0,0.0,0.10278374,0.2275567,0.0,0.018772772,0.093741424,0.017137384,0.0,0.0,0.0,0.0,0.152284,0.0040425714,0.080854855,0.0,0.00037531613,0.0,0.0,0.07893086,0.0249853,0.0,0.17151085,0.0,0.0,0.0,0.0,0.029468814,0.0,0.0,0.0,0.17428353,0.0,0.15240657,0.070079856,0.0,0.0,0.0,0.0,0.0,0.0022722061,0.15626724,0.03918892,3.4113336e-06,0.020274814,0.100974806,0.003506954,0.0,0.0,0.00645187,0.0,0.0,0.0,0.0,0.0021255107,0.08828431,0.0,0.0,0.17161465,0.0,0.0,0.0,0.0,0.0,0.0,0.0,0.07117746,0.0,0.0077331085,0.0,0.09856993,0.16006371,0.14486742,0.0,0.0,0.07495371,0.0,0.0,0.0,0.14230889,0.0,0.0,0.0026452306,0.0,0.10729768,0.0,0.073208965,0.0002947841,0.0,0.0,0.0,0.0,0.079979174,0.032748975,0.0,0.0,0.0,0.0,0.086643144,0.0,0.0,0.0,0.0,0.1684215,0.0,0.10966833,0.1922835,0.0,0.0,0.055183418,0.15380536,0.0,0.0,0.09979984,0.0,0.0,0.0,0.0,0.0,0.03413518,0.0,0.0,0.09693773,0.021500949,0.0,0.0749888,0.0,0.0,0.06741228,0.0,0.0,0.049446683,0.030175764,0.15656862,0.0,0.017669493,0.0,0.10733257,0.020564558,0.0,0.04794124,0.106491074,0.063700505,0.0,0.0,0.08383458,0.1456462,0.0,0.0,0.25504535,0.0,0.0,0.0,0.0,0.12449149,0.20699303,0.066188954,0.32174173,0.013443633,0.0,0.04555346,0.0,0.0,0.1024325,0.16757053,0.0,0.0,0.11321518,0.0,0.0,0.0,0.0,0.18589641,0.17859562,0.038854837,0.0,0.013411299
TCGA-RB-A7B8-01,0.0,0.21998891,0.0,0.0,0.0,0.067474276,0.038502354,0.16292323,0.0,0.04995759,0.08391459,0.0,0.0,0.035295602,0.0,0.031951237,0.0,0.23504442,0.0,0.03895756,0.09485782,0.0,0.0,0.0,0.0,0.25335115,0.06340822,0.0,0.0,0.03635438,0.018093918,0.0,0.0,0.08844447,0.0,0.09336726,0.027735323,0.0808432,0.0,0.0,0.010326014,0.0,0.13347971,0.008084565,0.024776287,0.10629892,0.0,0.010482603,0.0,0.08299291,0.0,0.11158853,0.0,0.01649128,0.05269337,0.0,0.0991507,0.062379517,0.02591509,0.0,0.020642614,0.0,0.07701622,0.0,0.14702843,0.108272135,0.0,0.026193818,0.0,0.0,0.0,0.0,0.0,0.1776535,0.0,0.0,0.07857517,0.03559483,0.0,0.0,0.0,0.13236654,0.083328925,0.051378638,0.019638086,0.0,0.0,0.0,0.04773941,0.0,0.0,0.004587077,0.14373682,0.116609335,0.06390013,0.011142098,0.009170245,0.0,0.13735579,0.0,0.0,0.017819516,0.0,0.0,0.11964776,0.088650845,0.0,0.24882276,0.0,0.1280028,0.0,0.0,0.0,0.028013716,0.0,0.14286833,0.043469086,0.0,0.0,0.0,0.041022986,0.0,0.0,0.02151765,0.0,0.042599738,0.07725817,0.0,0.0,0.04551931,0.0,0.0,0.22831409,0.13218664,0.0,0.019986667,0.0,0.0,0.029539442,0.0,0.07113578,0.0,0.07503108,0.07598663,0.0,0.13565798,0.09225797,0.017053524,0.055772062,0.0,0.07509016,0.076462984,0.14327683,0.0642482,0.010850381,0.0,0.0,0.002675344,0.0,0.04110478,0.0,0.0062607285,0.0,0.0,0.018134654,0.0,0.05491237,0.0,0.0,0.068566404,0.0,0.0,0.18418817,0.033476587,0.020993566,0.0,0.0,0.062364485,0.05062614,0.0,0.2247053,0.0,0.0,0.0,0.0,0.0,0.043079637,0.008557805,0.0,0.22231664,0.010661426,0.0,0.085210815,0.17884225,0.0,0.05267449,0.12720299,0.0,0.0,0.112709954
TCGA-RB-AA9M-01,0.0,0.02701818,0.0,0.0,0.028538615,0.0,0.08012649,0.0,0.028696138,0.03352496,0.0,0.014047484,0.0,0.038081396,0.0,0.0,0.0,0.0,0.0,0.0,0.022758504,0.0,0.018407114,0.0,0.0,0.28114825,0.07264091,0.0,0.0,0.2039049,0.027979525,0.05021143,0.0,0.14395241,0.0,0.05783396,0.18128973,0.062461287,0.0020515234,0.0,0.17435443,0.0,0.019397488,0.0,0.13599378,0.08276671,0.0,0.03288797,0.02382851,0.034462962,0.020717556,0.0,0.14223011,0.21056181,0.07167533,0.0,0.0,0.1577443,0.075884394,0.100295775,0.09671775,0.0,0.07444822,0.02669515,0.20172642,0.0,0.0,0.08655434,0.0,0.071475394,0.0,0.0,0.012712068,0.031226551,0.050988115,0.001329876,0.0,0.0,0.072262354,0.0,0.0,0.11494483,0.07995643,0.0,0.0,0.0,0.013171847,0.0,0.09536557,0.0,0.10476913,0.0,0.06878168,0.14169247,0.018200861,0.061774097,0.05215544,0.0003060654,0.23215872,0.0,0.0,0.0,0.0,0.0,0.037876956,0.004280974,0.0045278724,0.0,0.085575014,0.0,0.020652782,0.019249823,0.0,0.0,0.06187292,0.0,0.0,0.0,0.19651526,0.007851675,0.0,0.0,0.0,0.0,0.077220626,0.0,0.0,0.0,0.06938506,0.031539973,0.072941676,0.0,0.0,0.0,0.0,0.0,0.09888127,0.02284276,0.0,0.042890422,0.0,0.11951371,0.06661324,0.0,0.0,0.12908442,0.0,0.0,0.061719995,0.078124754,0.0,0.0,0.0,0.0,0.0726193,0.003035357,0.0,0.0,0.024541132,0.06577261,0.17547287,0.05520582,0.0,0.0,0.0,0.0,0.01937094,0.060000017,0.0,0.02720456,0.11126006,0.0,0.0,0.0,0.16464658,0.0,0.0,0.10860116,0.029549671,0.17990698,0.22461656,0.0,0.0,0.10819188,0.004137943,0.0,0.06572701,0.14184631,0.049039703,0.0,0.15596567,0.0,0.0068106484,0.0,0.09471093,0.17327411,0.029999457,0.1061298,0.0,0.0
TCGA-RL-AAAS-01,0.0,0.037336253,0.0,0.0,0.0,0.0,0.0,0.0,0.04263112,0.05864738,0.0,0.020427361,0.0,0.0,0.0,0.12426496,0.12111701,0.07359705,0.00081195735,0.0,0.12515754,0.008506942,0.04420086,0.028282974,0.062569715,0.24568787,0.28400317,0.0,0.0,0.1139664,0.0,0.0,0.0,0.11715288,0.03830855,0.12964648,0.035481565,0.17359623,0.08285672,0.0,0.0,0.0,0.16821039,0.0,0.12370699,0.13846849,0.0,0.031486265,0.054498687,0.030419258,0.07740675,0.004357464,0.18512474,0.019411547,0.039725974,0.0,0.0,0.028872855,0.0194608,0.0,0.085309826,0.0,0.031628564,0.04934723,0.10805394,0.050405502,0.0,0.0,0.0,0.028232872,0.0,0.0,0.0,0.0,0.0,0.0,0.0,0.0,0.012028823,0.0,0.0,0.040537965,0.13689955,0.08483493,0.0,0.0,0.0,0.014887086,0.0968464,0.011404423,0.0,0.0,0.0,0.0,0.0657551,0.04424488,0.1948885,0.0,0.18386696,0.0,0.09897502,0.0,0.08677839,0.0,0.08181537,0.12402718,0.1537656,0.0,0.09388773,0.07130823,0.0,0.0087341545,0.0,0.058915287,0.0,0.0,0.044931475,0.0,0.0,0.013745339,0.061161987,0.0,0.0,0.0,0.0,0.0,0.0,0.0,0.13801,0.0,0.050603475,0.00033801884,0.0,0.0,0.0,0.1620369,0.12606516,0.0,0.0,0.04952101,0.0,0.12252267,0.11652079,0.0,0.0,0.102340415,0.0,0.0,0.0,0.102414265,0.0003029432,0.0,0.08715045,0.14530104,0.03723056,0.014299361,0.06445494,0.0,0.094868965,0.25814047,0.10013525,0.0632781,0.0,0.0,0.0,0.0,0.0,0.0,0.0,0.03821553,0.029341575,0.0,0.0,0.0,0.09581695,0.0,0.121357754,0.0,0.1160038,0.0,0.10555443,0.0,0.006162672,0.0,0.0,0.0,0.056741014,0.031879913,0.19641094,0.0,0.050189745,0.0,0.0,0.07181528,0.0,0.070645414,0.06757284,0.14536706,0.0,0.0
TCGA-S4-A8RM-01,0.0,0.14440942,0.0,0.0,0.0,0.0062706694,0.0,0.0,0.03940581,0.012957597,0.00040726192,0.08932974,0.0,0.0,0.0,0.0,0.0,0.0,0.0,0.0,0.098349094,0.0,0.07121258,0.0,0.014637803,0.27827498,0.15879786,0.10304162,0.027071625,0.14782399,0.070649885,0.11139505,0.0,0.20071964,0.05156753,0.11169529,0.1760487,0.013498613,0.03572315,0.0,0.0,0.0,0.0,0.0,0.0,0.027862074,0.0,0.0,0.10782378,0.0,0.02830013,0.016726255,0.0,0.15797757,0.1279779,0.0,0.08380628,0.03926834,0.07147302,0.0,0.0,0.0,0.0,0.0,0.0081907865,0.0,0.14832279,0.03865597,0.0,0.0039732885,0.0689,0.0,0.0,0.14213291,0.11688669,0.08540474,0.0,0.0,0.0,0.035399437,0.0,0.31390893,0.0,0.0,0.16006027,0.0,0.0,0.0,0.0,0.0,0.15871115,0.010901296,0.0,0.040942162,0.13827896,0.0007407332,0.0,0.0,0.16674225,0.0,0.0,0.0,0.0,0.0,0.0,0.0,0.014935081,0.0,0.0648906,0.0,0.031127268,0.028380094,0.0,0.0942218,0.0,0.0,0.004626661,0.0,0.024872497,0.0,0.0,0.08470736,0.0,0.0,0.03330679,0.038488496,0.0,0.0,0.07685979,0.09343006,0.0,0.04461216,0.0,0.074968696,0.0,0.0,0.07110665,0.10560976,0.0,0.0,0.0,0.20022781,0.026989873,0.0,0.0,0.15218185,0.0,0.0,0.012192393,0.0,0.0,0.03273828,0.0,0.0,0.01861874,0.0,0.18086725,0.0,0.0,0.0068012364,0.035476897,0.0,0.0,0.11058622,0.0,0.0,0.0,0.0,0.0,0.06214478,0.0,0.0,0.2106294,0.0,0.049314257,0.0,0.0,0.021881536,0.0,0.0,0.033999193,0.0,0.0,0.13579638,0.0,0.0017632821,0.27145192,0.09172484,0.048682764,0.0,0.11526142,0.0,0.03001486,0.12605244,0.0,0.058772065,0.077823125,0.019129012,0.0,0.07156509
TCGA-S4-A8RO-01,0.0,0.0,0.0,0.0,0.09044696,0.0,0.0,0.015371331,0.07982363,0.055114284,0.016016245,0.115061365,0.0,0.0,0.0,0.025674792,0.0,0.03629039,0.061593644,0.0,0.0,0.14647476,0.0,0.0,0.06901688,0.3077727,0.034811895,0.0,0.17689355,0.040426422,0.0,0.061120663,0.0,0.03977629,0.0,0.0,0.12285602,0.0,0.0,0.0,0.0,0.0,0.0,0.0,0.0,0.1101426,0.0,0.0021134282,0.06882715,0.09716792,0.0,0.0,0.019353649,0.16770507,0.19150753,0.0,0.05054663,0.09942261,0.04430853,0.0,0.0,0.0,0.11992344,0.0,0.0,0.0,0.0,0.0,0.008645388,0.064034455,0.0,0.0,0.05974705,0.06408146,0.0,0.0,0.0,0.0,0.06105353,0.0,0.0,0.15342131,0.0,0.020786725,0.24380867,0.0,0.0,0.023573285,0.019024732,0.14049119,0.007747789,0.0,0.0,0.12833132,0.13396455,0.0,0.0,0.0,0.0,0.0,0.0,0.0,0.0,0.0,0.019851858,0.16510098,0.03007029,0.14088711,0.07492583,0.0,0.0,0.0,0.0,0.031426255,0.0,0.03211447,0.0,0.0,0.123156644,0.082590945,0.0,0.0,0.0,0.0,0.0,0.09364527,0.15626004,0.0,0.0,0.06235877,0.0,0.06147425,0.010049686,0.059333704,0.0,0.0,0.0,0.010782818,0.0,0.0,0.0,0.14596625,0.0,0.0,0.0,0.1636445,0.0,0.0,0.089481875,0.0,0.0,0.0,0.0,0.0,0.13236946,0.0034204246,0.12926799,0.0,0.0,0.0,0.06379177,0.0,0.0,0.0,0.0,0.022351675,0.0,0.0,0.0,0.22341207,0.0,0.0,0.31693706,0.0,0.0,0.0,0.0,0.13383174,0.0,0.0,0.1520433,0.0,0.0,0.1048478,0.0,0.0071217255,0.09601199,0.115972936,0.013423985,0.0,0.010192158,0.0,0.09926314,0.0,0.0,0.0,0.10613586,0.021692503,0.0,0.22027472
TCGA-S4-A8RP-01,0.041910093,0.0,0.0,0.0,0.010980799,0.14473042,0.020750176,0.0,0.0,0.1343525,0.0,0.021318173,0.0057634553,0.035827152,0.0,0.0,0.0,0.095073424,0.0,0.0,0.0033256323,0.0,0.08987374,0.024827711,0.0,0.18621926,0.015826173,0.0,0.0,0.102798775,0.0,0.0,0.0,0.0,0.0,0.048210543,0.20110852,0.0,0.19069198,0.0,0.0,0.0,0.059412226,0.0,0.0,0.01370408,0.0,0.009592001,0.07533216,0.03358952,0.05083508,0.0,0.0,0.1934141,0.17764512,0.0,0.006216723,0.03738037,0.11307286,0.023859277,0.0,0.0,0.11141333,0.1240017,0.0,0.0,0.0,0.106706135,0.0,0.0039639017,0.0036420652,0.0,0.0,0.0,0.11013283,0.0,0.0,0.0,0.0,0.009772757,0.0,0.12217949,0.121859655,0.0068843015,0.0038728325,0.0,0.0,0.0,0.03442278,0.00069230946,0.07871697,0.0,0.0,0.040925436,0.0,0.0,0.0,0.03638245,0.21425314,0.0,0.08728732,0.0,0.0,0.0,0.08018706,0.0,0.0,0.0,0.05191595,0.0,0.0,0.0,0.0,0.09920613,0.0,0.03794122,0.0,0.0,0.042111646,0.010781793,0.0,0.0,0.0,0.0,0.0,0.005092374,0.02063487,0.0,0.18540931,0.1047636,0.0,0.0,0.0,0.081910774,0.0,0.1376756,0.09798575,0.031259384,0.0,0.0,0.0,0.14889227,0.14418095,0.0,0.0,0.1506135,0.0,0.0,0.065028496,0.0,0.0,0.084199764,0.081244454,0.0,0.02214608,0.038927127,0.14378914,0.0021781034,0.0,0.010677003,0.0,0.0,0.0,0.0,0.0012841955,0.034220196,0.0,0.0,0.0,0.040618245,0.0,0.0,0.0,0.0,0.0,0.0,0.0,0.027877312,0.0,0.026020259,0.2943487,0.053021077,0.18814735,0.034549918,0.0,0.07300822,0.15037774,0.021477208,0.032656442,0.11036514,0.16423376,0.0,0.11507849,0.0,0.0148020815,0.14517395,0.32226968,0.05596256,0.0,0.14576615
TCGA-US-A774-01,0.05236077,0.0,0.0,0.0,0.014161183,0.024238016,0.09465584,0.11693721,0.0,0.0,0.039909326,0.0,0.0636062,0.0,0.0,0.0254369,0.02779089,0.0,0.0,0.0,0.03873532,0.0,0.1610081,0.0,0.0,0.0,0.026674606,0.0,0.0,0.26023114,0.101019025,0.027548939,0.0,0.018886594,0.0,0.11782634,0.061923977,0.0,0.03363928,0.0,0.0,0.0,0.19713028,0.10701944,0.11108601,0.0,0.0,0.025399763,0.0,0.012232281,0.114416145,0.047005557,0.2029679,0.108937696,0.118607946,0.0,0.0017289667,0.009376882,0.1663312,0.0,0.06792809,0.0,0.038730346,0.072218604,0.06461707,0.0,0.047565617,0.05551962,0.0,0.04715662,0.028724574,0.021435713,0.0,0.13081205,0.0,0.0,0.0,0.096937105,0.0,0.0,0.0,0.0,0.0,0.037173953,0.0,0.0,0.11754371,0.0,0.13563639,0.111093074,0.0,0.0,0.1462286,0.13575475,0.07347659,0.16381338,0.0,0.0,0.2012057,0.0,0.18624778,0.11016655,0.0,0.0,0.0370863,0.059687983,0.04599289,0.101226926,0.0,0.0,0.029357271,0.0,0.0,0.0,0.0,0.0,0.0,0.0,0.0,0.12503535,0.06367481,0.0,0.0,0.0,0.11568097,0.0,0.029985843,0.0,0.041557897,0.09962115,0.0,0.0,0.113971844,0.089042746,0.0,0.052720554,0.004698802,0.0,0.0,0.0,0.027752053,0.0,0.011415131,0.0,0.0,0.28857365,0.0,0.0,0.0,0.0,0.14933783,0.07288408,0.12647615,0.11381335,0.0,0.0,0.07625483,0.0,0.0,0.112246536,0.062276457,0.0,0.0,0.0,0.038798507,0.0,0.054298677,0.14484926,0.0,0.1334205,0.0,0.046837285,0.10473711,0.0,0.0,0.0,0.0,0.04350793,0.02732011,0.13697726,0.06091591,0.0,0.056642316,0.019906268,0.0,0.0,0.14654626,0.04927943,0.13321404,0.0,0.138424,0.0,0.0,0.059247244,0.0,0.049869977,0.08815944,0.023343926,0.0,0.013416489
TCGA-US-A776-01,0.04300559,0.12157178,0.0,0.0,0.0,0.0,0.0,0.0,0.0,0.0,0.1416405,0.05150406,0.042439755,0.0,0.1382338,0.0037158644,0.0,0.004422537,0.0,0.0,0.0,0.09788445,0.0,0.012679371,0.0,0.31101948,0.0,0.067625694,0.0,0.24442595,0.019964874,0.0,0.0,0.0,0.0,0.04026133,0.035468303,0.13401972,0.076166615,0.0,0.102510296,0.0,0.13547082,0.0,0.0,0.1469244,0.0,0.0016648018,0.0,0.0,0.103731364,0.0,0.0,0.109546125,0.021427548,0.0,0.073979184,0.0,0.029233662,0.0,0.1233766,0.0,0.0,0.082392156,0.1513223,7.555146e-05,0.060661055,0.0,0.08006331,0.032397658,0.0885682,0.0,0.051992383,0.0671459,0.0,0.0,0.0,0.0,0.003952892,0.033499267,0.0,0.22522281,0.031010134,0.0,0.005604149,0.0,0.0,0.0,0.0,0.014868958,0.0,0.0,0.0,0.2146267,0.0,0.0,0.059093527,0.0,0.17819147,0.0,0.0,0.0,0.0,0.0,0.0139659,0.116231084,0.020746596,0.0105138915,0.07571672,0.0,0.0,0.0,0.0,0.08155524,0.0,0.052446134,0.0,0.0,0.0,0.036364604,0.0,0.011224333,0.0,0.0,0.0,0.0,0.0,0.0,0.1617419,0.12807125,0.0,0.0,0.20087527,0.06558446,0.0,0.0,0.0,0.0,0.0,0.0,0.0,0.020921057,0.06469285,0.0,0.0,0.17456256,0.048809543,0.0,0.0067244507,0.0,0.0,0.08289446,0.069280915,0.0,0.0,0.0,0.08328934,0.009799977,0.1573977,0.0,0.025107192,0.0,0.0,0.034199983,0.0,0.091512434,0.0,0.0,0.029733397,0.015670437,0.0,0.0,0.0033275879,0.0,0.026880298,0.092700824,0.0,0.10616693,0.05675106,0.0,0.2209791,0.0,0.0,0.06595458,0.008217417,0.0,0.05409894,0.02283003,0.20780483,0.0,0.06317858,0.0,0.11239368,0.1316657,0.13647503,0.007297309,0.2592079,0.0,0.0,0.050170276
TCGA-US-A779-01,0.073705696,0.0,0.0,0.0,0.020759607,0.1018905,0.0,0.07294157,0.1923077,0.0133487005,0.038678374,0.058496878,0.0067565907,0.0,0.0,0.07195386,0.0,0.003937572,0.0,0.0,0.0,0.0,0.0,0.07701458,0.0,0.3244709,0.13357688,0.0,0.0,0.23999962,0.0,0.0,0.0,0.022982072,0.0,0.0710595,0.0,0.0,0.13162865,0.0,0.0,0.0,0.09797213,0.0,0.0,0.047852237,0.0,0.1012779,0.11656259,0.0,0.0030226668,0.06706159,0.02922228,0.022581637,0.16613813,0.0,0.057525408,0.0,0.0,0.0,0.20520172,0.0,0.0,0.0,0.17830679,0.0,0.0,0.054202504,0.0,0.0,0.0925656,0.0,0.0,0.15590575,0.12553975,0.0,0.0,0.13324414,0.03155339,0.0,0.0,0.09698396,0.030259818,0.054796956,0.041183025,0.0,0.0,0.05316983,0.12606251,0.02802378,0.0,0.0,0.10579964,0.10738699,0.0,0.0,0.0,0.0,0.12761576,0.0,0.0,0.0,0.0,0.0,0.2392205,0.0,0.08593905,0.0,0.046272144,0.03734083,0.0,0.0,0.0,0.043524496,0.0,0.0,0.028536206,0.0,0.03899392,0.0,0.0,0.0,0.0,0.0,0.0,0.0,0.0,0.0,0.12259575,0.21857828,0.0,0.0,0.0,0.0,0.0,0.0,0.07403883,0.060590442,0.0,0.0,0.0,0.065037444,0.0,0.0,0.0,0.12301739,0.05071213,0.0,0.19388442,0.0,0.052832913,0.0,0.0,0.13558884,0.0,0.0,0.16348101,0.017985042,0.00013189927,0.13806602,0.0,0.0,0.032102607,0.15738133,0.0,0.013394181,0.0,0.0,0.002139764,0.0,0.0879374,0.0,0.049484022,0.19225094,0.02823061,0.0,0.11689336,0.0,0.074756674,0.0,0.0,0.0,0.0,0.0,0.0,0.0884374,0.0015784721,0.029178368,0.0,0.03196045,0.058717024,0.0,0.07363378,0.026581828,0.0,0.10780071,0.18844123,0.023601333,0.0,0.0
TCGA-US-A77E-01,0.0,0.07114671,0.0,0.0,0.05783267,0.01666532,0.0,0.17320639,0.0,0.0128057115,0.0,0.013457561,0.0,0.0,0.0,0.0,0.0,0.018578742,0.0,0.0,0.11729596,0.0,0.054040693,0.0,0.0,0.15391429,0.24754888,0.0,0.0,0.039917514,0.0,0.0,0.0,0.13290983,0.0,0.0504358,0.037205096,0.031616125,0.12548001,0.010942089,0.0,0.0,0.1479787,0.0,0.13465016,0.17049403,0.0,0.0,0.0,0.0,0.015650872,0.0,0.0,0.16112547,0.0500845,0.0,0.09536963,0.043126892,0.06945206,0.0,0.05401312,0.0,0.0,0.037575785,0.05218651,0.0,0.0,0.09522688,0.0,0.0,0.08070149,0.0,0.0,0.15998141,0.0,0.0,0.0,0.0,0.0,0.010170544,0.0,0.28515235,0.018851284,0.0,0.017661083,0.0,0.0,0.06872168,0.0079836175,0.0,0.0,0.0,0.035520457,0.096861646,0.23499377,0.08512404,0.0,0.0,0.05170606,0.054796312,0.0,0.0,0.0,0.0,0.0,0.0018120301,0.0,0.0,0.071093716,0.0,0.0,0.0,0.0,0.0,0.0,0.003182496,0.0,0.0,0.0,0.22227858,0.0,0.02120496,0.0,0.0,0.111875296,0.0,0.070024915,0.0,0.18899556,0.05851069,0.05241094,0.0,0.037515,0.15992172,0.0,0.008535846,0.019544207,0.0,0.0,0.010241121,0.0,0.0,0.1442598,0.0,0.0,0.22280973,0.0,0.0,0.04462544,0.0,0.0,0.070427984,0.03264803,0.17823179,0.010781859,0.03623532,0.0,0.0,0.0,0.0,0.067819975,0.0,0.0,0.06497444,0.08670539,0.0,0.0,0.0,0.0,0.14787275,0.0017337042,0.0,0.16295734,0.0,0.0,0.0,0.0,0.06752363,0.19760787,0.0,0.16117896,0.0,0.1944079,0.0,0.0,0.0,0.057907585,0.16042551,0.033900194,0.0,0.0,0.0,0.0,0.045791447,0.0,0.08044442,0.13902545,0.0,0.0,0.08789401
TCGA-US-A77G-01,0.0,0.084690645,0.0,0.0,0.05135148,0.031652797,0.12299126,0.0,0.0065688235,0.0014122234,0.16519932,0.10750369,0.05912888,0.0,0.07467784,0.0,0.025902156,0.030467045,0.0,0.0,0.0,0.0,0.15342367,0.021745764,0.08598227,0.12807834,0.03160913,0.0,0.0,0.19054574,0.005868591,0.02057869,0.0,0.0,0.0,0.08082718,0.17822672,0.0,0.040539496,0.0,0.10227674,0.0,0.14829357,0.0,0.0,0.09242184,0.0,0.0,0.0,0.05923547,0.07419818,0.11920509,0.025401792,0.106595635,0.16085106,0.0,0.0,0.051518787,0.165054,0.028833913,0.016295811,0.0,0.0,0.0,0.15426691,0.0,0.07798961,0.0,0.016117578,0.15085226,0.06735054,0.0,0.0,0.0,0.0,0.0,0.0,0.064180546,0.0,0.0,0.0,0.18341838,0.038448304,0.08232441,0.0,0.0759956,0.032541152,0.0,0.0,0.21682683,0.0,0.0,0.0,0.0,0.034975134,0.0,0.003612966,0.0,0.18561623,0.0,0.0,0.06528967,0.0,0.0,0.0,0.035316184,0.0874194,0.0,0.0,0.0,0.10144581,0.0,0.0,0.0071105105,0.15939276,0.06925392,0.06789079,0.0,0.021086257,0.092472635,0.016300676,0.0,0.0,0.09445743,0.025323128,0.11970947,0.0,0.0,0.0,0.0,0.0,0.0,0.02991777,0.027905304,0.0,0.0,0.0,0.0,0.0,0.0075211367,0.0,0.04098698,0.013523589,0.1311336,0.0,0.01011122,0.07042581,0.0,0.0,0.0,0.0,0.07356842,0.1097099,0.0,0.0016810568,0.0,0.100910746,0.0,0.0,0.0,0.016098993,0.0,0.0,0.008023813,0.0,0.04451026,0.0,0.0,0.0,0.07955872,0.0,0.0,0.017232673,0.0793638,0.0,0.0,0.0,0.07212293,0.09723806,0.0,0.1927148,0.0,0.0984831,0.0,0.0,0.0,0.12085548,0.10812142,0.034006063,0.0,0.066472724,0.0,0.14145423,0.1311598,0.0,0.2809529,0.23419529,0.13401836,0.004919991,0.17429936
TCGA-US-A77J-01,0.15254374,0.0,0.0,0.0,0.0,0.0,0.099672765,0.0,0.0,0.0,0.0,0.0,0.01356007,0.115012005,0.026389737,0.21888073,0.024376059,0.07545939,0.0,0.0,0.07776676,0.0,0.022219451,0.0,0.13743615,0.20804884,0.0733045,0.0,0.0,0.05346848,0.06227108,0.032427713,0.0,0.06326824,0.0,0.040563416,0.06395892,0.0,0.15385355,0.0,0.0,0.019359235,0.1144202,0.0,0.0,0.11448276,0.0,0.0,0.17693058,0.09771368,0.24113369,0.0,0.24862167,0.0,0.01717863,0.0,0.07015026,0.0,0.14064628,0.0,0.07819845,0.0,0.043447528,0.14572543,0.113561444,0.0,0.0,0.0136979595,0.0,0.017654816,0.0,0.0,0.0,0.016089687,0.0,0.103820875,0.0,0.0,0.0,0.0,0.0,0.03594166,0.029953146,0.019360181,0.0,0.0,0.010608512,0.0,0.052359473,0.08802032,0.094514534,0.0153813455,0.008329155,0.21294309,0.012155372,0.08954229,0.015200941,0.028942227,0.2623614,0.0,0.016254896,0.0,0.0,0.0,0.09582039,0.006793151,0.12123433,0.0,0.020231966,0.035834484,0.0,0.0,0.0,0.20803541,0.0,0.0,0.0,0.0,0.039260704,0.08752497,0.0723557,0.0,0.0,0.0,0.016403558,0.0,0.0,0.0,0.03809498,0.0,0.0,0.06255037,0.0,0.0,0.0,0.050585974,0.046093713,0.08329628,0.0,0.0,0.0,0.14246538,0.078914605,0.0,0.0,0.0,0.02880547,0.0,0.0,0.016744077,0.0,0.0,0.058466908,0.0025095425,0.0,0.06452794,0.0677674,0.0,0.06184261,0.010730397,0.0037709652,0.0,0.019115504,0.02603218,0.0,0.0,0.014704344,0.012365733,0.0,0.061342143,0.0,0.0,0.17042384,0.0,0.0,0.0,0.0,0.0,0.15715514,0.06749822,0.36480185,0.0,0.0,0.0,0.0,0.0,0.007639957,0.13861124,0.055180516,0.04325053,0.0,0.0,0.0,0.0,0.0,0.07707678,0.005450271,0.0009886686,0.0,0.0
TCGA-XD-AAUG-01,0.04380501,0.07933689,0.0,0.0,0.04494756,0.0,0.028177308,0.0,0.0,0.067083344,0.0,0.0,0.0,0.0,0.0,0.15237235,0.0,0.15540074,0.0,0.0,0.097534165,0.0,0.088345066,0.08355401,0.08598513,0.1583195,0.0,0.0,0.15906416,0.13920625,0.037016436,0.036801066,0.0,0.0,0.0,0.05405801,0.14817627,0.10506248,0.1608492,0.0,0.0,0.0,0.27379107,0.0,0.0,0.06658532,0.0,0.007066988,0.066401996,0.07575474,0.02903434,0.05092735,0.11072752,0.0043143616,0.22482851,0.0,0.0,0.081945054,0.16902362,0.0,0.041229606,0.0,0.10121521,0.20607027,0.09162322,0.0,0.0,0.07612567,0.0,0.0,0.14905143,0.0,0.0081415465,0.0,0.0,0.101587474,0.0,0.0,0.0,0.0,0.0,0.039731387,0.06932164,0.0,0.012470624,0.0,0.18225355,0.0,0.121854246,0.07313172,0.0,0.0,0.056798223,0.04729642,0.009201392,0.031775713,0.0,0.0,0.26332244,0.0,0.06631971,0.0,0.0,0.0,0.0,0.04079273,0.0,0.0,0.0,0.0,0.0,0.0,0.0,0.08776919,0.0,0.0,0.0,0.0,0.0,0.0,0.0,0.0,0.0,0.0,0.0,0.0,0.0,0.0,0.13043307,0.19123474,0.0,0.018938659,0.0,0.0,0.0,0.0,0.0,0.0,0.0,0.0,0.0,0.09572541,0.017326524,0.0,0.0,0.24855979,0.0,0.0,0.042804234,0.0,0.0,0.11582212,0.021315925,0.0,0.05193481,0.02152129,0.0,0.0,0.039622445,0.10651186,0.03752624,0.027403314,0.0,0.0499587,0.0,0.12644152,0.06895669,0.0,0.047514267,0.062682986,0.014240738,0.0,0.042433694,0.0,0.0,0.0,0.0,0.0,0.13526627,0.040525556,0.17685947,0.0,0.1297873,0.0,0.0,0.0,0.19381243,0.0,0.17658786,0.0,0.0,0.0,0.0,0.0,0.0,0.019061456,0.037693124,0.0,0.0,0.00719599
TCGA-XD-AAUH-01,0.037496895,0.0029703793,0.0,0.0,0.0,0.0,0.027920932,0.0,0.0,0.07362489,0.045569118,0.011082535,0.073053725,0.0,0.0,0.1038155,0.0,0.1186384,0.0,0.0,0.0,0.0021455702,0.06347623,0.038080048,0.17583291,0.27318552,0.09383769,0.0,0.008312213,0.034580365,0.0,0.13570328,0.0,0.023363512,0.0,0.055262476,0.14897133,0.03943743,0.14170541,0.0,0.0,0.0,0.18674621,0.0,0.0,0.03868986,0.0,0.0,0.22583702,0.15408115,0.109222434,0.09528493,0.14778575,0.012178592,0.17424501,0.0,0.0,0.021929989,0.16862525,0.0,0.14781947,0.0,0.07220633,0.16919161,0.0710229,0.0,0.0,0.018026492,0.0,0.0,0.00045631136,0.0,0.0,0.0020573358,0.0,0.02793064,0.0,0.0,0.0,0.0,0.0,0.0,0.0,0.0,0.14336574,0.0,0.02902802,0.0,0.12999435,0.0,0.03809915,0.0,0.0691039,0.047628444,0.0,0.110621,0.0,0.0,0.09539432,0.0,0.10020325,0.01831852,0.0,0.0,0.0,0.0,0.06288012,0.0,0.002214208,0.0,0.0,0.0,0.0,0.09109312,0.0,0.0,0.0,0.0,0.009198907,0.026178926,0.034117732,0.0,0.0,0.0,0.0,0.0,0.056907132,0.0,0.07144002,0.04803503,0.0,0.0,0.0,0.0,0.0,0.0,0.0,0.0,0.0059858877,0.0,0.08339774,0.018722555,0.08730714,0.0,0.0,0.22137813,0.0338629,0.0,0.07705782,0.002532328,0.0005969805,0.0,0.14157103,0.1346727,0.0,0.059908252,0.0,0.07599814,0.08812805,0.0,0.06721473,0.0,0.0,0.0,0.0,0.027149582,0.02844934,0.0,0.02787445,0.093261346,0.040731072,0.0,0.0,0.011257859,0.018354107,0.0,0.0,0.14023478,0.07930431,0.18428247,0.3131879,0.022403736,0.028002013,0.025664276,0.04009909,0.0,0.15444541,0.058659088,0.09563027,0.0,0.027233304,0.0,0.05742707,0.0,0.0,0.112152,0.17850715,0.05248081,0.0,0.03476037
TCGA-XD-AAUI-01,0.0,0.0,0.0,0.0,0.08250646,0.0,0.0,0.0480211,0.10795196,0.038291726,0.0,0.0,0.0,0.0,0.0,0.008784317,0.0,0.049461745,0.014127592,0.00038783596,0.0,0.0,0.0,0.029192267,0.15364327,0.16643631,0.0,0.15170443,0.013609686,0.003642865,0.0571748,0.040316064,0.0,0.14213057,0.0,0.0,0.20521623,0.0015092058,0.0,0.0,0.0,0.0,0.010481709,0.0,0.107854426,0.12203318,0.0,0.0041369,0.08022738,0.018173806,0.018244224,0.0,0.0,0.024424369,0.08033161,0.0,0.0,0.23064412,0.22987574,0.0,0.24748191,0.0,0.0,0.0,0.110646926,0.0,0.0,0.13968633,0.029758686,0.0,0.06360759,0.0,0.116034634,0.12662254,0.0,0.035155468,0.016343074,0.0,0.0,0.0,0.0,0.0,0.051469207,0.0,0.0,0.0,0.0,0.06808187,0.13052773,0.09341689,0.04029813,0.0,0.029390993,0.2460967,0.0,0.08647815,0.0,0.0,0.21224739,0.0,0.0,0.0,0.0,0.0,0.0,0.15273143,0.076602384,0.0,0.009361561,0.0,0.059484914,0.0,0.0,0.0,0.0,0.0,0.009523857,0.0,0.02986732,0.06351582,0.0,0.03310424,0.0,0.0,0.0,0.0,0.0008113631,0.0,0.08221442,0.06886366,0.0,0.0,0.063400954,0.0,0.0,0.0,0.10683418,0.043684483,0.0,0.0,0.0,0.0,0.03853467,0.0,0.0,0.14738157,0.0,0.026391981,0.0,0.1409931,0.0,0.0100392755,0.0,0.0,0.26293063,0.020970918,0.0,0.0,0.015177341,0.10168475,0.0,0.0,0.040237382,0.0,0.0,0.117095515,0.07776378,0.04647853,0.0,0.04507992,0.0,0.0,0.044130575,0.0,0.12110979,0.0,0.0,0.17228645,0.104897395,0.019821204,0.16813466,0.01761757,0.015287234,0.0,0.0,0.0,0.07214299,0.046631016,0.02786361,0.057129543,0.033034198,0.0,0.0,0.0037270193,0.01936248,0.1320606,0.27173287,0.0,0.0,0.0
TCGA-XD-AAUL-01,0.0016667269,0.046665914,0.0,0.0,0.0,0.12009928,0.0,0.1908061,0.0,0.13879055,0.0,0.0,0.0,0.0,0.0,0.0,0.0,0.0,0.0,0.0,0.0,0.0,0.0,0.0,0.03049686,0.12872073,0.051229525,0.15237233,0.0,0.0,0.0,0.0049648657,0.0,0.064120345,0.0,0.027936311,0.025671411,0.0,0.13372608,0.0,0.0,0.0,0.14297566,0.0,0.02055705,0.13826342,0.0,0.0,0.026783543,0.13073623,0.0,0.22553055,0.0,0.0,0.07692533,0.0,0.0,0.11923923,0.13345686,0.0,0.20932564,0.0,0.0,0.0,0.050854668,0.031385444,0.02577451,0.10904865,0.0,0.0,0.0,0.0,0.0,0.111040995,0.0,0.0030350094,0.0,0.0,0.0,0.0,0.0,0.0,0.010189577,0.0072305035,0.0,0.0,0.0,0.051915694,0.006962221,0.03685763,0.0,0.0,0.19650698,0.11579377,0.0,0.031467166,0.0,0.0,0.10402685,0.0,0.0,0.0,0.0,0.0,0.008993618,0.20172492,0.09062066,0.0,0.15802188,0.0,0.0,0.0,0.0,0.0,0.009008216,0.012056272,0.0,0.0,0.0,0.08795946,0.10543111,0.0,0.0,0.053909518,0.0,0.0,0.048188075,0.0,0.028935155,0.16801357,0.012574055,0.0,0.14733028,0.040284768,0.0,0.081010714,0.0,0.0,0.0,0.0,0.0,0.0,0.07938662,0.0,0.0,0.18018718,0.050347377,0.0,0.0,0.0,0.015674666,0.0,0.0021821856,0.1730204,0.0,0.0,0.058707833,0.0,0.0,0.04390743,0.001454028,0.0,0.0,0.08210156,0.10512738,0.069036,0.025033586,0.058012333,0.0,0.07039358,0.076984145,0.0826868,0.05371558,0.0,0.0,0.0,0.0,0.17716435,0.15366644,0.031071465,0.16269936,0.0,0.035009965,0.07411302,0.0,0.0,0.05987021,0.18983331,0.04777678,0.2318811,0.14996557,0.0,0.0,0.0,0.0,0.19326453,0.21519247,0.0396207,0.0,0.0
TCGA-XN-A8T3-01,0.0,0.0,0.0,0.0,0.13616401,0.012302619,0.065468185,0.09179553,0.007007231,0.0,0.0,0.0,0.103669755,0.0,0.050382365,0.0,0.0,0.15988791,0.0,0.0,0.011987387,0.0,0.08174193,0.0,0.0,0.12200313,0.0,0.0,0.0,0.19552746,0.16741467,0.0034415014,0.0,0.029908547,0.0,0.10964124,0.05791579,0.02389007,0.18398638,0.0,0.019779382,0.0,0.05393178,0.0,0.15192108,0.0,0.0,0.028691916,0.16242994,0.13244386,0.061903413,0.0,0.0,0.0,0.009482622,0.0,0.0096544335,0.060342744,0.0,0.03725344,0.08732148,0.0,0.0,0.16250582,0.0,0.0,0.022893758,0.02512466,0.03320484,0.0,0.0,0.0,0.0,0.034383066,0.0,0.0,0.100870445,0.0,0.0,0.0,0.0,0.037396483,0.11542748,0.0,0.0,0.0,0.0,0.047683366,0.115204185,0.123321645,0.028300375,0.036778502,0.04465248,0.06829559,0.0,0.11129838,0.0,0.0,0.20881367,0.0,0.0,0.0,0.0,0.052000575,0.0,0.0,0.07635058,0.0,0.0,0.0,0.0,0.0,0.046787124,0.04839232,0.0,0.044632487,0.0,0.0,0.03220918,0.09658811,0.0,0.0,0.0,0.0,0.1174659,0.07439054,0.01734507,0.0,0.13507536,0.051202793,0.0,0.0,0.14973311,0.051283903,0.0,0.0,0.04098819,0.0,0.0,0.0,0.0,0.0,0.0,0.0,0.0,0.25428018,0.0,0.0,0.13659757,0.06926949,0.09289282,0.0,0.03462751,0.0147483805,0.0035957426,0.0,0.016647695,0.14960074,0.0,0.045085724,0.038842056,0.0,0.013656249,0.14837654,0.0,0.13555667,0.018356377,0.058233887,0.017423786,0.01117192,0.02239902,0.0,0.13258986,0.0,0.0,0.0,0.0,0.0,0.13081573,0.0535257,0.28579134,0.0,0.0,0.0,0.0,0.030434648,0.0037845385,0.06724808,0.04124337,0.0,0.033684902,0.0,0.022742288,0.0051458008,0.0,0.3362309,0.22132064,0.0,0.0,0.023506109
TCGA-XN-A8T5-01,0.12191305,0.0,0.0,0.0,0.029441668,0.09004493,0.13517454,0.0,0.029196776,0.026230784,0.0,0.0,0.0,0.0,0.0,0.07399846,0.0,0.08225828,0.0,0.0,0.17540847,0.12815414,0.10935809,0.025615396,0.04655888,0.21409063,0.15723534,0.0,0.0,0.10029894,0.12988384,0.07399927,0.0,0.0,0.0,0.065910175,0.1416541,0.0,0.18516926,0.0,0.0,0.0,0.22841541,0.0,0.054364473,0.007425427,0.0,0.08651733,0.1770033,0.11575083,0.09700628,0.0,0.17057125,0.0,0.102590814,0.0,0.0,0.055591773,0.10110136,0.027055562,0.046315648,0.0,0.0,0.20637651,0.020909974,0.0,0.0,0.23366892,0.0,0.0,0.028908042,0.0,0.033820357,0.075631745,0.0,0.01985242,0.0,0.0,0.0,0.0,0.0,0.027106384,0.03318471,0.010244519,0.0,0.0,0.0,0.0,0.13241759,0.046625398,0.015752425,0.0,0.06226402,0.042432576,0.02481157,0.11759852,0.0,0.0,0.26578242,0.0,0.017539695,0.0,0.0,0.0,0.007988244,0.011770137,0.06685247,0.0,0.0437367,0.0,0.0,0.039428234,0.0,0.17513722,0.0,0.0,0.0,0.0,0.0,0.15947331,0.0,0.030137181,0.0,0.0,0.0,0.0,0.0036555775,0.0,0.0728404,0.13540426,0.0,0.0,0.0,0.039183803,0.0,0.0,0.002937303,0.03154762,0.0,0.0,0.0053430963,0.0635728,0.068593375,0.0,0.0,0.057209454,0.06345207,0.0,0.13768676,0.037549306,0.0,0.0035192308,0.0,0.0,0.028110536,0.09136629,0.0340021,0.0,0.085259825,0.04226687,0.0107448185,0.0,0.059446998,0.0,0.0,0.0,0.0,0.0,0.024820022,0.01296237,0.0,0.0,0.024861151,0.0,0.0,0.0,0.0,0.0,0.0,0.06448969,0.2935468,0.0,0.03946822,0.0,0.06726313,0.0,0.082207434,0.13232754,0.038815815,0.084565744,0.0,0.0,0.016212072,0.0,0.0,0.17990594,0.069998935,0.010910833,0.0,0.09989181
TCGA-YB-A89D-01,0.07890351,0.0008992176,0.0,0.0,0.022043085,0.051261306,0.0,0.018058863,0.0731203,0.11750737,0.0,0.0,0.004759327,0.0047367304,0.0,0.094730526,0.0,0.08526846,0.0,0.0,0.09764453,0.0,0.0,0.0,0.03114991,0.08180118,0.071589276,0.0,0.1423907,0.07043723,0.1693303,0.0012942089,0.0,0.1465806,0.0,0.08250257,0.1632659,0.0,0.08242955,0.0,0.0,0.0,0.12442962,0.0,0.16371311,0.06825122,0.0,0.025752345,0.12003909,0.0,0.0,0.03387209,0.18154247,0.18303768,0.14448059,0.0,0.0,0.08157925,0.23496479,0.0,0.20267777,0.0,0.060632046,0.066741005,0.07997409,0.0,0.0,0.1689182,0.0,0.08612333,0.0,0.0,0.05026442,0.0,0.0,0.0921026,0.0,0.0,0.0,0.0,0.0,0.16755278,0.022160267,0.0,0.0009729754,0.0,0.04741751,0.0,0.0,0.057070844,0.20113094,0.0,0.02988405,0.08652151,0.07071919,0.0,0.09671271,0.0,0.1712222,0.0,0.0140489815,0.0,0.0,0.0,0.0056618196,0.0,0.025154976,0.0,0.0,0.0,0.0,0.0,0.0,0.24181846,0.0,0.13690266,0.0,0.0,0.0,0.110350676,0.0,0.0,0.0,0.0,0.0,0.0,0.1456104,0.0,0.043377683,0.13375369,0.0,0.0,0.037954368,0.064961374,0.0,0.0,0.0,0.0,0.0,0.0,0.0,0.08928952,0.007853263,0.0,0.0,0.2532955,0.0,0.0,0.11086453,0.04411164,0.0,0.0,0.08811426,0.0,0.0499493,0.0,0.0,0.0,0.0,0.04212337,0.0,0.0,0.0,0.0,0.0,0.0,0.0,0.0,0.0,0.0754988,0.0,0.0,0.05987437,0.0,0.0,0.0,0.0,0.03244969,0.08687388,0.0,0.10402955,0.0,0.029874288,0.0,0.0,0.0,0.05372936,0.22348624,0.038627557,0.0,0.016207311,0.0,0.0,0.0033797158,0.0,0.1879748,0.0053472486,0.14298941,0.0,0.0069817924
TCGA-YY-A8LH-01,0.0,0.030978143,0.0,0.0,0.0,0.0,0.009219127,0.0,0.055764724,0.009938352,0.009512679,0.14899641,0.0,0.027739406,0.0,0.01868608,0.0,0.1834016,0.0,0.0,0.01952462,0.0,0.0,0.055031963,0.04149102,0.26213175,0.01435697,0.036806207,0.013150739,0.16371308,0.025398424,0.047913186,0.0,0.024822637,0.0,0.062139425,0.0,0.0,0.17687438,0.0,0.0,0.0,0.0059868405,0.0,0.0,0.06507617,0.0,0.0,0.010051247,0.04597099,0.0,0.0,0.04630357,0.23925214,0.0,0.0,0.09198185,0.24244125,0.0,0.07425102,0.118271716,0.0,0.015926054,0.0,0.21356271,0.022600401,0.0,0.027182708,0.008444548,0.0,0.0,0.0,0.026553664,0.043128658,0.0,0.045439605,0.0,0.0,0.0,0.0,0.0,0.21918704,0.027776271,0.0,0.12217012,0.0,0.0,0.029494334,0.016454492,0.05632575,0.101915166,0.0,0.12250563,0.12501861,0.028368337,0.0,0.0,0.0,0.0007005441,0.0,0.0,0.0,0.009762209,0.0,0.10781489,0.035600193,0.13046582,0.0,0.025536098,0.0,0.0,0.0,0.07742171,0.10640579,0.0,0.027539548,0.06914644,0.0,0.0,0.039705224,0.0,0.0,0.0,0.0,0.0,0.0,0.10873065,0.0,0.11452406,0.0,0.0,0.0,0.2193497,0.10079238,0.0,0.0,0.0,0.08502933,0.0,0.0,0.0,0.0,0.0,0.0,0.0,0.24651226,0.076566055,0.0,0.013961899,0.0,0.0,0.008144144,0.07340357,0.0,0.1465127,0.026295247,0.032929923,0.0415782,0.05736611,0.052200783,0.0,0.0,0.0,0.0,0.0,0.08912958,0.0,0.021933297,0.0,0.0929304,0.0,0.0,0.084783025,0.066806905,0.13903844,0.0,0.0,0.0,0.13269386,0.0,0.19021071,0.0,0.034613363,0.0420254,0.0,0.0,0.04596363,0.0,0.0,0.12717167,0.0,0.0,0.120247774,0.0,0.0,0.008065661,0.18819806,0.052456245,0.024109079,0.24115199
TCGA-Z5-AAPL-01,0.015757682,0.038147774,0.0,0.0,0.029662332,0.0,0.0,0.0,0.0,0.0002383931,0.15028104,0.0,0.0,0.0,0.0,0.0,0.0,0.04180483,0.0,0.0,0.003523184,0.037422862,0.0,0.0,0.14733693,0.12649064,0.03091074,0.0,0.0,0.08744775,0.010292307,0.13309212,0.0,0.072563194,0.0,0.0,0.07241646,0.022784486,0.09491214,0.0,0.0,0.0,0.12706168,0.0,0.0,0.27859148,0.0,0.0142856045,0.18317077,0.09876641,0.07413611,0.018112097,0.05124369,0.05933177,0.055316888,0.0,0.16938561,0.06657099,0.016207227,0.0,0.074549034,0.0,0.0,0.04038634,0.14761145,0.0,0.008590515,0.0,0.04472071,0.17459266,0.0,0.0,0.0,0.051174156,0.0,0.053835545,0.0,0.0,0.043543987,0.0,0.0,0.0,0.0,0.071778364,0.026740128,0.0825198,0.0,0.0,0.0,0.0,0.07908249,0.0,0.02357918,0.09797179,0.0,0.0,0.0,0.0,0.14135306,0.0,0.02996489,0.0026372657,0.0,0.0,0.0,0.0,0.012548505,0.0,0.13598558,0.009979472,0.07192749,0.031907212,0.0,0.08678821,0.15551105,0.0,0.0,0.0,0.0,0.052611202,0.0,0.09905484,0.0,0.0,0.10893974,0.0,0.00787957,0.0,0.1517197,0.052559722,0.0,0.0347698,0.00034436554,0.15205269,0.0,0.0,0.0,0.0,0.026721694,0.0,0.0,0.0,0.0,0.0,0.0,0.16342616,0.0,0.0,0.017682929,0.013508422,0.0,0.0,0.0,0.0649528,0.0,0.1244853,0.055642646,0.0,0.05654042,0.038613264,0.08753665,0.0,0.053388022,0.0,0.0,0.1019366,0.0,0.0,0.0,0.0,0.015005948,0.0,0.00049605255,0.029548671,0.07160842,0.0,0.0,0.0,0.22879693,0.024322078,0.44662896,0.0,0.0,0.0,0.0,0.0,0.1934654,0.15483649,0.0,0.0,0.12699507,0.0,0.117177576,0.0,0.0,0.054624256,0.14532526,0.03600626,0.0,0.0
